review,rating
VERY BAD GAME EVILLLL GAMEE,1
This is a great game I have been playing this game for weeks now and the storyline and characters are so very very much beautiful design but I think they have to update some of their old to fit for the new like simple update also the game play are just wow they are great and have lot of different mood games than just the storyline like wow also the customize are so good! I just hope they would add a trading system that has limit of different trades 😞 anyways still good 😊👍,5
I take it all back. I love crk 🥹,5
nice game! but fix some of the bugs,5
Really good game in general,5
I'm OBSESSED,5
crk is a very fun rpg game with very addictive gambling if you are trying crk for the first time I hope you like it don't mind the fandom tho,5
muito bom o jogo,5
"I'm not installing this again. I can't even play it because it crashes EVERY TIME so forget your broken game,on top of the lag then crash I can't play if I have a auto clicker installed,doesn't matter if it's active or not so I'd rather uninstall it and NEVER play again. I'd give this 0 stars if I could. Sorry to be harsh,it's just the gameplay and story doesn't matter if I can't play it in the first place.",1
Jasmine¤30 likes cookie run kingdom,5
I love the game That's all I can really say.,5
i have a question why do you delete cookies from new updates to very new updates?!?! 😡👎,1
SO GOOOODDDDD,5
well I didn't really play the game but I heard it's cool and my cousin wants me to play the game so that's why I. getting the game I hope it's Fun!,4
its very good i love to gamble away my stuff/gems i like the animations its very good as i said except how much updates it need...,4
It's great!,5
This is the worst game I have played so far.,1
W game W beginners luck,5
I love This Game Soo Much Bc Crk,5
best game on mobile,5
this is an amazing game !!!!,5
couldn't even play it. verry disappointed.,1
"amazing game with amazing opportunities. The controversy is kinda sad but as long as devsis hears and responds to us, all will be fine",5
pc build is so unstable but I'm thugging through it 😭💔,3
Lookie Lookie where is my cookie,5
very good,5
really fun game,5
its such a Peak game and i love it!,5
good,5
Very Good,5
pretty good,5
i like This game so much,5
"I love this game so much! it's genuinely enjoyable, and the characters are so cute and fun to get. there are a few flaws though, since every game has those. one of them being the download takes a while, but once you get it, you won't regret it. Edit for the laggy thing: if you have high storage on your device, the game isn't that laggy. other than that (if you have a good computer and not an ahh one like mine) would highly recommend this game!",5
this game is AMAZINGGG,5
"The game is so FANTASTIC! It's extremely recommended to play because the stories, the lore, the silly dialogues are so amusing!",5
"Love it the storylines are great, the characters are adorable, and there's always something to do.",5
great game. w gamblin,5
Peak,5
very fun and worth the luck 😁,5
100 real gacha game so good,4
it's good and has lots of reward,5
This game is really fun so much lore and burning spice finally has more lore!,5
yay i likey,5
shadowmilk when,5
"Great game, easy game play, and you aren't forced to watch ads every 2 seconds (Edit: -1★ for using ai imagery)",4
"This game is so pay to win. Every new cookie that comes out always has to be meta, hard to obtain, and power creep every character. They are always hard to obtain when it releases because they're never available on the banners that cost gems. Even if you still get the best character you'll need copies to get better stats by promoting it. You won't even be able to ever promote it because getting the cookies in the Beast, Legendary, Ancient, Dragon, and Super Epic rarity have low odds to obtain.",1
"The updates are getting repetitive, like only legendary+ tiers can only have legendary skins, and also every update is very pay2win.",1
good,5
Eternal sugar cookie,5
i think it is a great game,5
cheese,5
I LOVE THIS GAME IN OBSESSED,5
add naoya,5
OMG MY FAVORITE GAME OF ALL TIME!!! I am so happy-but it does take a long time to load,5
🙂,5
really good,5
This is the best game! I love all the details and stuff,5
"used to avoid this game cause I thought it was weird, MAN was I so wrong this is one of the most addicting games, the designs are either adorable, or amzingly detailed, the interface can get a little cluttered, but it's no deal breaker for me, the currency isnt annoying and the gameplay is easy to understand, would play again",5
"So fun and awesome, and the community is great!",5
its good the animation is crazy and the details is just crazy,5
I love this game soooo muchhh,5
5/5 stars eternal sugar cookie is in it,5
okay,5
"Has the one thing I need; Shadow Milk. Of course there are the occasional lags when I text someone and return to the game, and it sometimes heats my phone up, but that's because it's a big game",4
I love gambling.,5
Very amazing game! can be kinda addictive lol,5
silent salt cookie is bad asl🤤,5
i LOVE cookie run kingdom trust me IT IS A WONDERFUL GAME!! shawdow milk cookie is my favorite from this game all the cute little things and stuff is adorable And fun,5
"everything costs money and it's kinda pay to win, but I love it",5
"very good game, love the lore, and has very nice touches to it",5
amazing,5
"I've it soo much it's so enjoyable and fun characters , upgrades and everything",5
AWESOME... I uhmm got Dark Enchantress AND White Lily the day I started playing.....,5
a bit leggy but great,4
I cant even login into the game if out it crashing,3
very fun I recommend 👌 😀,5
"unique game, good graphics, and suitable for relaxing",5
brings me joy,5
Best game it has great lore and who would've known it took a dark turn but still it's peak,5
great game but make it so that if you beat a trial of the nether realm stage you get 5 nether cutters,5
great,5
I love this game because it has good lore and good character/level design. The only thing is that it is glitchy on laptop and it's sometimes annoying to make rescources and get skill powder.,5
"it was really fun, I got to get a lot of good cookies, and the updates are very fun.",5
peak. no context. just peak.,5
Years of gameplay never dissatisfied me. Absolutely Freaking Cinema,5
the fame is really fun i havent played for an year cuz i lost my account that had VERY very good cookies,5
cool game!,5
fun and all but with new update I have no clue where the storage us,3
this is nice playing this game after like 5 months later I used my luck to get many useful cookies and I even love the story,5
"So, IT'S BEEN AWHILE and the game has gone downhill I'll probably play this game if bn lotus dragon cookie comes out so ye. good bye",3
great game! this is my other email and please add a menu when a player signs in ask them if they already know the game because the tutorials are SAVAGE.,5
I enjoy gambling,5
no comment..its THAT GOOD edit: I've recently returned to this game and it's still really fun to play!,5
update is so well,5
I really like the story because it's so well written And as for the gameplay.. You get great things/rewards without doing anything idk ig I just really like it,5
its a very good game,5
cute game.,5
the aggressive power creep is too exhausting for casual players and too financially draining for high ELO players causing people to quit. look into that,1
Characters are so adorable:),5
SHADOWVANILLA🫶🫶🫶 and smc grateful for them to exist idk what to say so,5
amazing,5
"it's a great game, I love it!! but it's over 2 giga bites of storage...... crk, I hate you.",1
I like the cookies desings,5
I like it :D,5
LOVE IT,5
I have been playing for years,5
"rally good, I've been invested ever since I downloaded jt yesterday",5
It's a good game but it takes too much storage. I had 3BG worth of storage and it still made me delete 300MB more all for the update which was only 174 MB. -_-,4
"After 6 years, there's been no like almanac or information about the monsters in the... it's always been the players job to know like y'all are so weird",1
fun,5
it's good game and I even got free beast and witch cookie,5
I've been playing over four years... it's so good to be back and I haven't finish any of the parts! I rate it a full five!! 😄😄😄😄,5
keep's kicking me off for no reason,1
hey um I forgot my email and password to my old Google account? is there way events will ever repeat eventually?,1
I luv this game ☆*:.｡. o(≧▽≦)o .｡.:*☆,5
"Gate way to gambling, must I say more?",5
"This is a good game for some folks like me. The story is really interesting and like the animation is just beautiful! All the cookies have really cool designs, and I especially love Fire Spirit's!!!",5
bro its so annoying bro its so hard to get rare cookies,3
its such a great game been playing for 2 years the pull rates are kinda bad but story characters everything is awsome my fav is shadow milk,5
"WTAF, the game won't let me play after downloading it. I have this game on my cellphone and now I find it on PC and it's being a whole hot mess express! FIX IT!",1
nevermind,3
I love the gadja im impression,5
I want burning spice cookie so bad,5
it's very fun and all the cookies are very cute and pretty,5
"been playing since 2022, great game!",5
"Its an amazing game, constant updates, basically theres ALWAYS something to do. its very generous in diamonds and such. the only wish I have is for the rainbow cubes and choco chalk to be a BIT easier to obtain, because most of the time they really only come from codes or inbox gifts, and even if you do get a quest that gives you some, its always a very tiny amount. however, its not very bothersome since they only help you get cosmetics which don't contribute much other than aesthetic!",5
whenever I wanted to install it I couldn't because my tablet wasn't charging but now I can play it and im very grateful for it and i realized it was making updates without me and now I'm begging in my brain that it installs. extra:I used to get kicked out for some reason but now it doesn't do that since my other tablet broke.,5
OMG I love my new fav game :D,5
amazing 😍👍,5
SO FUN! Black Sapphire and Candy Apple ate my faves!,5
it's so cool,5
"honestly, it would be rlly cool if this game collabed with genshin impact, it would make me so happy ToT (it would be nice if they made aether,lumine, and paimon a cookie character :D )",5
𝚒𝚝'𝚜 𝚙𝚎𝚛𝚏𝚎𝚌𝚝,5
ehhh it's kindA good but the new cookie is kinda like shadow milk but the game is fun when u start to understand it I gave it a 4 star do recommend playing it,4
it's a really good game,4
PEAK GAME NO ADS AND JUST GOOD. U TRY IT OUT WHOEVER IS READING! try it..,5
lovely game,5
It's fun but a bit more difficult to get newer cookies when you're an og player,4
my favorite app!,5
my second beast cookie was in a one pull ShAdOw MiLk CoOkIe,5
very fun and enjoyable game!,5
the only downside is no Flowery,5
I LOVE this game but I need to delete my apps to download this but still LOVE THIS!!!,5
"it's good. And addicting. The cookies look so cool and pretty 🤓 and uhh, why does it take so long to load on android",5
a cute game and fun,5
It is an awsome game plus i already got silent salt for first time which also gave me a shock tbh,5
i love this game except for the fact it eats my storage and every update I need to uninstall an app since it had greedia but overall this game is a top notch experience you can grind daily,5
"I stopped playing this 2 years ago and only recently started palying it again :), that's just how fun it is, and it has really good visuals and graphics. (please forgive me if my grammar isn't that good, my fluent language isn't English)",5
I love this game but it should be more accessible for free to play players when It comes to the currency gacha (light of destruction) (light of apathy),4
good game,5
very f2p friendly,5
"I got smc on my last day of school. how. who's luck did I steal????? awsome game nonetheless! edit : can we change the 15-9 hp of dark enchatress to not be high as hell? im having trouble beating it and ive tried multiple times and I just cant beat it, can we fix this, devsis? thanks! >_<",5
"I like this game so much! it's like 5 in 1 i mean like this game has an story mode boss fight, mini games , even luck in gacha!! this is so wonderful",5
"Honestly, probably the best game of it's genre. I have thousands of hours into Summoners war and i dropped that game for Cookie run about a month ago and haven't looked back yet!",5
"I love this game so much and the voice actors and new cookies dropping one by one it's so good and the story line is amazing and such details have putted in the skills of cookies , I really love this game I overall rated this a 9.7 out of 10",5
absolutely amazing game! such amazing cookies and artwork,5
CINEMA,5
I got an beast and a ancient on my first day heck ya,5
amazing game! but it takes to much space,5
pretty,5
this game is absolute Cinema ✋😐🤚,5
literally kicked out of my account and Lost ALL progress... started crying myself to sleep,1
it's Soo good game,5
"the game is fun but im f2p😭but i gotta say,HIGHKEY FUN",5
this is epic i love this game so much and the updates are not a miss and it's always amazing,5
I love this game it so much fun,5
it's very calming or exciting game but it takes a lot a space and time,5
best game ever,5
best game i haVE PLAED,5
"awsome game!!!!!!! I love it!!!!! it's like the real life War of choice, ""Cookies or cakes?"" but better! also btw, why does rajapendra cookie of mortality look like a roach? (I know, he's a centipede but I'm just wondering)",5
I can never play the game because everytime I update it the game freezes.,1
I WANT MAXED SHADOW MILK COOKIE RIGHT NOW.,1
I love cookie run,5
"very fun game, glad this was made!",5
i love cookie and I LOVE SILENT SALT!!!!!!!!!,5
This game is really good and very generous. One of the best gacha game of all time.,5
I love the game the cookies are so cute,5
this game is really good but there is one problem I can't become friends with some of my real life friends because of server locking so I cant become friends with my friends from other servers please fix this,4
best game ever!!! so fun and it's really easy to get good cookies,5
amazing,5
"Amazing. the game play is smooth, the story engaging, and the characters are so gripping that I cant help but fall in love! (cough* Shadow Milk Cookie) Im sorry what? Mustve been the wind. Also, the arena and town square are super cool. (My bestie loves decorating the most)",5
I love it,5
w game,5
"I love this game- I've been playing since it came out, but the app is just too damn big!!!! every time an update is rolled out I have to uninstall apps or delete videos and pictures off my phone. it's ridiculous at this point. and no I don't have voice data downloaded. that adds a lot to storage too. please do something about the space problem! it's only been getting worse the last few years.",3
"10 out of 10! On the first day I already have a lot of Epics, Legendary, and one Ancent! :D",5
SILENT SALT COOKIE,5
mogra cookie ❤️,5
"its a very interesting game, if you like lore ,this game is for you",5
love,5
"Amazing, great time killer. It's also a bit addictive. Characters amd story are engaging as well.",5
it's alright just stop giving out so many updates without filler + the stories are getting worse and worse as it goes on,3
"It's one of my favorite games, it CAN get repetitive but the lore and stuff is actually very interesting. it also takes a lot of storage but overall solid game.",5
goated,5
I love it💜,5
"I still love the game but, its just a bit time consuming for now at least",4
"The latest rework of the interface kills my wish to even open this app. I understand the need to organise the cluster of so many buttons, but it was not done in the nicest way...And that transparent blueish colour for buttons, even ones that already had cute designs? Absolutely not. I eventually will get used to finding what I need, but it still won't be a comfortable process even after.",3
I love this game (I still love it) :Edited (I STILL LOVE IT OMG MORE BSC UPDATES YAY) another edit yippie,5
"This game is very beginner friendly! Well, I'm not exactly a beginner since I have played other Games games before but it def. is one of the most beginner friendly one's!!",5
I. JUST. LOVE. THIS. GAME!!,5
"game is super fun but very laggy even on pc, making it difficult to enjoy the game",3
I love this gamee SO MUCH BUT... there is one problem ppl are using/harassing the use of ginger brave overral GOOD,4
"Really fun game, there's a lot of good cookies, gamemode, and lore my only complaint is RD its difficult to acquire and usually gives you bad substats and also if you're not beginner you hardly get cookie cutters unless you clear the tower. Overall great game just needs to be a little f2p friendly",5
I have nothing to say I just like It the game is so cool,5
One of my most played games. Ever. A question to the devs. Can I have an autoclicker when having this app downloaded? I want autoclicker for the game tamago. i won't use it for this game because i don't wanna cheat in any way in this game. I can always delete it after I've used it for tamago. So in a nutshell can i have an autoclicker while i have crk without possibly getting banned,5
pretty solid game overall does have some bugs but it's alright.,5
this is peak,5
"kinda caused my tablet to freeze for three hours. 0/10, would not recommend",1
very good and fun game!!!!!,5
Everyone who is new to the game should actually try it and whoever needs BEGGINERS luck can steal mine cuz mine got deleted TY anyways - 2025 actually please give it back. 💔✌ -2026,5
"This game is amazing!! The storyline, the gameplay, the characters are all really good! And it has no ads, which is even better! Though it's quite laggy (might just be my device) and it takes up A LOT of space. Overall, it's pretty good and a kind of complicated app.",5
"this game is pretty fun! as someone who wasn't played this since he shadow milk update, its very fun And I keep spending half of my Time decorating my kingdom loll!!",5
I love it,5
so much fun,5
"it really feeds into my gambling addiction, love that it's easy to get the characters I want!!!",5
"I love this game and its amazing,the plot lines are so well developed and I just can't stop thinking about it,the only problem I have with the game is that the nether realm cutters are impossible to get without paying for them once you use your original ten,and it's also hard to move on once your stamina jellies run out in beast yeast because you cant use the other stamina jellies(you know,the ones you usually get more of) to progress forward in beast-yeast,hopefully you like this advice devsis.",5
"Nice game, highly recommend",5
it keeps crashing out,2
Absolute Cinema!,5
"I've took a break for months, WHAG HAPPENED",5
amazing love it but my game keeps crashing maybe it's just my phone :<,5
I love it sm! It's very fun and f2p but I just hate how the game crashes every 5-7 min:(,4
its everyfun,4
Wow i kindly like the game i use before!!!!!,5
Cookies that are gay.,5
"I LOVE THIS GAME SO MUCH, I even play this during my free time. I'm always busy with studying but once I'm done? I can just hop onto Timeline of Fate! (Act 2) My phone still works especially because I am not using the iOS software.",5
Very vibrant and entertaining game,5
Love this game so much,5
Cool,5
when I download this game and open the app it will kick it me out,1
Very fun!,5
OMG I LOVED THAT! I PLAY THAT GAME SINCE 2021...STILL PLAY UNTIL NOWW;D,5
👍,5
i played this game and honestly it was awesome,5
thank you for making this game it's so much fun to play i love the updates it is thoughtful to make this game,5
"I'm so confused, I see the rating was Everyone 10+ (E-10) But, Not teens? Confusing,",4
This is a great game with good lore and cool character designs. Though there is a lot of power creep in the game and I think it would be nice to buff the older cookies so they are still relevant and great in playing PVE and perhaps in the kingdom arena too.,5
cool nice lore really really fun..... I don't like ai tho,4
this is a very good game but the load was to much and if my internet connection is strong i still get out of the game and need to load long so i need to leave it until it finally loads i just want the faster loading even the new updated r good i suggested that there r another witch that its her sis and my oc but idk what rarity is my oc and i dont think this will be seen by devsisters so i still give it 5★ or 5 stars. its kinda good tho- but they keep kicking in the arena when i have the meta...,5
I LOVE CRK. best game.,5
funny gamba game,5
"I'm being one of the characters for Halloween. And this very inspiration me to be a cosplayer And I lost this game so much. I put it on a daily list of what I'm going to do after when I get home from school Very fun.I like it, and it's amazing, and the graphics are very cool",5
"This game is perfect to spend time waiting for something to start or end, be a part of your daily life, or even be just a thing you like to do every now and then. I have had such a great time playing this game, and I have also enjoyed how much RNG there is. For those who don't know what RNG is, it's what gambling is.",5
Been playing all day and have found even the free tier is fair and addictive. Story is engaging and the art is super cute! Gameplay also makes it very easy to understand differences between party members and their role/class. This game is a BIG recommend from me!,5
My Favorite Game ❤️,5
low-key fell off. is too p2w,1
"GAMBLING? FOOD? STORY? LORE? GRINDING?! Sign. Me. Up. (If you like any of these, GET THIS GAME IMMEDIATELY)",5
"BEST GAME ON BOTH MOBILE AND PC, THIS IS MAYBE THE BEST FTP APP IVE EVER PLAYED BESIDES SKULLGIRLS RNG BUT STILL ITS THE BEST!!",5
"crashes my phone bc the graphics are that good, menu clutter has been fixed! rainbow cubes are hard to get for how many are needed for a costume pull.",4
"Very good game. Different from the source material, yes, but still recognizable. Only thing that irks me is the constant need to download data packs, but it's part of it. What can you do? That's my only gripe, extremely good game overall. 👍",5
I LIKE IT ^^ p.s- PLEASEEE GIVE ME SHADOW MILKKKKKKKKK,5
"my game keeps crashing after everything I've done, but overall, it is good.",5
good,5
it's a great game and has a lot of amazing lore i just wish there was a voiced over option and non-voiced over potion because sometimes I won't like to read,4
so good updates often nice and relaxing game,5
"Doesn't install on my old phone but on my new phone, I absolutely love the characters, the art style, and the game play.",5
Best game made but there's always improvements,5
Best Game Ever,5
Peak,5
"As a returning player to the game, I can confidently say that this game is one of the most friendliest gacha games ever. The character design is adorable and cool, The story from crispia to tof is chef kiss and probably the most addictive app that I have on my phone . But this game has it's down. The new character that they are releasing is more and more powerful and stupid.Essentially making the meta whole lot worse than before and the crafting on this game is really annoying to come by",4
"i just love Cookie run kingdom! the lore, the characters and everything i just wish i wasn't so far behind lol trying my best to get to beast yeast rn 💔",5
great recommendation,5
⭐⭐⭐⭐⭐⭐⭐⭐⭐⭐⭐🌟🌟🌟🌟🌟🌟🌟🌟🌟🌟🌟🌟🌟🌟🌟🌟🌟🌟🌟🌟🌟🌟🌟🌟🌟🌟🌟⭐⭐⭐⭐⭐⭐⭐⭐⭐⭐⭐⭐,5
so skibidi and pure vanilla cookie,5
"this game is so rigged. I created an experiment where i used 2 accounts, one of them is just a brand new one and the other one is an old account. in the first account the one that i just created had more benefits than the old account. I have tested the RNG and reviewed the amount of benefit that you can obtain in the game. with the first account with some little pulls from the gacha it managed to obtain the one of the rarest cookie in the game and and multiple of them, i didint even use up 200",1
BEEN PLAYING THIS WHEN I WAS A CHILD,5
soo much fun,5
"every time I see a new update, it never fails to surprise me. The animation is amazing..I have been playing this game since it came out, and it has evolved into something so wonderful with all the different ways to play it, events, and lore. with the lore, it goes into such depth and its a game about cookies! I just love it and im happy to be an og",5
"I've created a new account and after playing for like hours the newcomer kingdom project button or the event is missing, I'm still at ep 2 and it's just 1day account",4
Put more character,4
it's fun and addictive gameplay,5
just amazing,5
it's good and and I have been playing this game from my old phone until my new phone(this acc),5
і ᥣ᥆᥎ᥱ ᥴrk,5
such a fun game gets boring after u finish everything tho takes a long year to finish,5
it gud,5
awsome,5
"Absolutely amazing ! even if I take breaks between updates, coming back for the next update always excites me because of new cookies, events, and the rewards",5
cool,5
it may be a good game but ever since beast-yeast ep 15 it has been drama after drama after drama. Its starting to become impossible to play. It's not the same anymore im not trying to seem like those fans who are never satisfied but its not even cookie anymore its just insanely detailed chibis very LOOSELY related to food. If cookies were made for witches aka humans to consume then why re most of them straight up poisonous,3
one of the best gacha games,5
it's pretty good,5
Great development Consistency. Really appreciate the thought and effort put into the expansiveness of the gameplay without it being tedious or overwhelming.,5
Im always Excited For New Updates because it got amazing features.,5
keeps crashing but not that much anymore,3
who the heck told you that selling Burning Spice once again as 6th Beast would be a good idea? Genuinely feels like plot writers are running out of ideas. And it's not mentioned how the whole Timeline of fate episodes undermines the entire storyline up to that point. Disappointment :(,1
PEAK,5
You gave me a reason to keep living,5
PEAK,4
This game is so cool! idk why there are people who don't like it it's really fun and the art is so pretty!!! But it kept on glitching,4
"well, this game is not really horrible to me, it was legend! but the concept of gambling is little bit of scam but i play this game since 2025 a year ago iy is really fun story , plot twist , and more! i glad that who made this game!",4
"Whoever decided to make the new update.Thank you , I love the war for burning spice and I just love the game in general and i'm pretty sure the only reason my game is so glitchy is because I have too many apps on my phone",5
the new update changed layout of things and I HATE IT. You can't find everything anymore!,1
LOVE THIS GAME SO MUCHHH 👀,5
"this game is litterly making my day better when I'm sad, I hope when I grow up I want to work at CookieRun:Kingdom tysm!",5
"the latest update with Rajapendra cookie actually sucks bc what do you mean they added burning spice cookie from another timeline as a whole new cookie? PLUS you could just make Rajapendra cookie a costume for burning spice cookie. Additionally they changed the layout for all the buttons and changed the icons for it too, and I hate it. Lastly it takes forever to download the data RIGHT AFTER YOU JUST UPDATED IT plus it takes soo much storage (abt 9-10 GB) I am deeply disappointed in crk.",2
"This game is fun to play.But it takes a bunch of your space , and Then kicks me out like twenty minutes.",4
the best game EVER(edit):I LOVE IT I DO I DO I DO AND I WILL NEVER NOT LOVE IT I AM A TRUE FAN(edit): STILL LOVE IT ALWAYS WILL LOVE IT MAKE MORE COTTON COOKIE STUFF,5
it's so fun but give me shadow milk cookie🥀,5
I love this app sure the storage is alot but who cares Its a good game,5
"I LOVE this game no bad glitches, fun gameplay AND my fav GAMBILING1!1!11! i restarted my game bc i first played in 2021 sea fairy or sonic release and restarted because i was a bit to young and started to reset my account all over and over untill i quited, but the i joined back in the mycookie update!! flawless restart after see a huge cookie base1!1!1!",5
best game in the world (in my opinion) you should really try it,5
I'm already loving this game.,5
my only question is as if you could do a popular YouTuber update I love this app and if you I did grox cookie I would be really happy cuz he's my favorite YouTuber and reff,5
I personally love this game but lately it's been shutting itself off every time I open it after a specific amount of time. I want to know if there's something wrong with the game or if it's my device 😅,4
I love playing the game I think it is amazing and high graphics but I heard that devsisters are in debt,5
love the game but you need to fix the fact that it can't be transferred to the sd card because it's huge and i don't have room to update it,1
"Fun and cute with good voice acting and personality. It has the typical gotcha game failings, but it is a surprisingly engaging game.",5
I love this game but it kicks me out and takes forever to load,4
Amazing game No questions asked,5
"Change the UI back to the old one. No one wants this new UI, it is bad.",1
its a great game but WHERE IS THE NEWCOMER KINGDOM PROJECT?,4
it slay baddie and I love time keeper cookie🤑🤑🤑,5
"this is a good game, but after 3 days needs update and yk this is annoying a lil, but anyways, add more free cookies in next update pls.",4
fun game I like gambleing,5
LOVE!!!!!!!!!,5
"Amazing game in all meanings of that word. Beautiful animations and designs, thoughtful storytelling, and it's easy to get attached to at least one of the cookies. My only complaints would be that the game often fails to download resources and that it overheats the device very easily.",5
this game is actually so good because the graphics the quality and the whole game is just insane and the fact that it's free and there's no adds too is CRAZY the only thing though is that it takes up alot of storage but other than that it's so good I love crk 🫶,4
omg such a peak game i love it so much🙏 (you should totally give me smc and the legendary costumes),4
"i luv the game!! my fav cookie is eternal sugar! tbh, i'm not gonna spoil",5
love the design and vibes but not the ai slop pls,3
I think this game is fun. I play it all the time,5
beautiful game,5
"I've been playing this game for 3 years now, and it is amazing. the only downside is how long the downloads take and the storage. If your a NEW PLAYER reading this: it may take an hour or two to download the whole thing, but it's worth it. it's my favorite mobile game, and I definitely recommend playing. the fandom is low-key chill but if you might low-key lobotomize you if you ship the wrong characters",5
good edit:it is have AMAZING updates like...NEVER MIND :D,5
"I frickin love this game, it's so good. Even my cousin wanted to play because of the battles and gambling🤑",5
AAAHHH I LOVE IT SO MUCH! ty for giving me a reason to waist my time on something amazing,5
The app takes a lot of storage to update. I only have 7 apps with the rest of them being pre installed and unable to delete. the game is fun I just wish it didn't take as much storage,3
it's an awesome game!! I've gotten alot of cookies and toppings it's such a fun game it's really addictive to!!,5
good it is e fun it's just the update and I can't play..,5
I LOVE THIS GAME!! it's very fun and mi current fav is shadow milk :3,5
I love it,5
give me more shamil,5
"This game is really fun and addicting , i really love the cookies u gamble , the stories are very amazing . everything was boring but then when i played cookie run kingdom , my life changed , i have never felt this happiness in my life before i love the game alot.",5
"this game has insane lore and a great gameplay style, you can pretty much get anything from world building in the kingdom, to mini games everywhere.",5
"I found this game through my cousin, and when I heard it had so much lore, I instantly downloaded it! Overall, it's a very good game, and I play it every single day!",5
pretty good game i enjoy,4
very fun game,5
ดีแต่เกลือ,5
"it has great lore and great graphic, I'd recommend if you like cookies and some stories",5
Well i enjoyed playing the game ALOT. it is personally one of my favorite games. the game is engaging the designs of each cookie is unique and very interesting and the story and plot of the whole is game is great. All in all i loved this game and hope devsisters continue the great updates :>,5
"I love this game and honestly, I'm addicted!",5
This game is so much fun !!!!! It's also creative and there a lot of cute character s in the game! Thanks you Devsisters and VA for making this game so much adventurerous!,5
Best game ever i started in 2021 and it's peak,5
R.I.P. Elder feire,5
my phone wont download it again cause someone uninstalled my crk acc and i can't download it again but this game was a good one when someone didn't uninstalled my crk game:(,5
"This is an AMAZING game! It's voice acting is perfect and it's lore is so interesting! thank you for an amazing game Devsisters! Although, it's a bit hefty in the price of storage, otherwise, it's totally worth a try!",5
One of my most favorite games ever,5
Control your in game notifications It is now out of control. Those red dots are everywhere and it is nearly impossible to get rid of them now compared to before. You can just force people to play through an entire mini game just to get rid of a red exclamation mark. Kingdom Eras red exclamation is bugged and the red notification wouldn't go away. Foundation rewards show up every 30s so that can NEVER go away. Trials of of Nether Realm needing to be played in it's ENTIRETY is a terrible design,3
"""IT'S SO PEAK 🥹🥹❤️❤️"" -⚛️⭐💠",5
this game make me so happy and excited 😆,5
i loved the concept of this game,5
this game ive been playing for half a year and its soo good like even tho im F2p u can get alottt of free items and stuff ty sm for them btw and it dosent crash for me ONCE like hello? take my money if i had any😭,5
"love the game but i have heavy issues with the decor, the free decor and the purchased decor!!!",4
this game is so good,5
"Awesome gameplay, awesome character and their voices, cool story line, and costumes are amazing.",5
love the game ! All though the game is sometimes laggy,5
this is da best game everrrrr >:P I luved it btwwwwww,5
I LOVE IT SO MUCH AND IF THEY COLLAB WITH BRAWL STARS I WILL LOVE IT EVEN MORE,5
i came back for this gam because of my friend. When the first time I download it my phone had too many storage so I couldn't play this game until the end. Then this year I played and instantly fell in love. I feel deeply regret for not being able to play this game long ago. The building and the cookies are my favourites thing about this game. Watching them walking around and talking feels amusing. Gacha is pretty fun but you have to control yourself from wasting your items cuz it's hard to get.,5
AMAZING GRSFICS BARELY ANY LAG! <3,5
I LOVE THIS GAME SO MUCH I LOVE THE UPDATES,5
i love this game but the thing is.. I kept crashing ag lagging and even my phone is hanging and the only thing they need to do is fix the cache or anything that can make less lag and crash out,3
love the game the way they give us the beginner luck sometimes but the only problem is the bug I know someone already tell this but. the bug just don't let the update the game. it's so annoying. when it's already 100% but it just won't update it. I hope google will fix it!,5
very fun to play,5
i love this game,5
it's pure greatness for a mobile game if you don't mind grinding sometimes might crash but great story characters and gameplay,5
really fun!,5
"(it made me rate again) good game, lost star for making me rate 2 times >:(",4
i love this game so much. i have been playing for 5 years and always loved it since. thank you devsisters.,5
"crk is really fun! I just returned after a few years and it's still the same, just some new cookies, im happy they didn't change any big stuff like other games 🩷🩷",5
"I've been playing for over a year now (almost 2 years) and I enjoy playing this game a lot. There are many freebies and the character designs are really cool. There's a storyline that you can play but once it gets to timeline of fate, its very 'all over the place' btw devsis can we have a filler update once in a while its been 7 months",5
i love this game so much because of the gambling😊,5
It's a good game,5
I loathe cookies so Kawai and the story amazing,5
"AMAZING story and gameplay, can get repetive but that isn't the worst issue, it's SO storage hungry, PLEASE optimise this thing more,",5
my cousin told me it will be worth it and it is,5
the best 4everr,5
"I love the game, it might always be leggy when you play it, but it's a good game.... the voice actors are amazing, I always wanted to voice act in the game. And I hope it someday comes true. (My YT is StarPowerVA if you do recommend-).",5
"Fun and an excellent game for f2p players, gives generous rewards while also hosting ton of events every once in a while",5
4.6 good love it just the maintenance,4
"cookie run kingdoms a fun game to play to pass time with all the different competitive game modes and activities to do. but after awhile all the constant update make it difficult to keep up, especially if youre the type of person who doesnt play games often. edit: In the burning spice timeline of fate update, the new shiny and slightly transparent buttons lowkey look butt.",5
"graphics and qaulity are highly insane. story mode is beautiful, very pretty designs for everything",5
"Мне шедоу Милк. Не. Понравился. 😂Плешивое животнОе,,,,, ррРррР",1
it is so peak I love shadow milk cookie and pure vanilla cookie! but I can't find pure vanilla cookie in my kingdom but he is in the guild and other stuff but can't find him anywhere in my kingdom I hope that the devsisters find this and help because I pulled him.,4
I likeky,5
I haven't tried it yet but I actually think it's really fun cuz my friend plays it and she says it's really really fun BTW Cookie Run kingdom is actually really really fun I just played it,5
"This game has great story telling, that both children and kids can understand together! Along with some awesome voice acting, each cookie has their own special voice, as well with great personalities, it's very easy to fall in love this game, and I have recommended it to friends!!",5
its cozyyyy😍,5
It's an amazing game with really amazing animations and super fun to play I just wish there weren't so many things to pay for..,5
I LOVE THIS GAME! IT'S SO FUN WHEN YOU DOWNLOAD FROM THIS REPLY RHANK ME LATER! HOPEFULLY I GET AND NETHER QUEEN AND TIME SHADOW IHOPE YOU DO TOO! ( edit) I GOT ALL AWAKENED ANCIENTS AND ALL BEASTS !! IM SO HAPPY THANK YOU DEVSIS!,5
"AWESOME GAME. The mechanics, EVERYTHING!!",5
i really like this game! my friends are very kind and my sister taught me how to play! the game was really fun!,5
don't delete this game,5
good,5
I love it especially shadow milk cookie and pure vanilla 😆😆😆67,5
"HOLY THIS IS SO PEAK. Underrated and love those designs! All of those cookies have a good details,so does the va's! If i was DEVSISTERS i would totally give like some like free daily gifts,free attendance and on the last day we will claim a cookie!(epic+) for new/old players! And love how the fact this game is an adventure and explore more!",5
holy peak ok,5
this is absolutely peak🥹,5
never makes me bored I love this game you can tell I also like golden cheese!,5
"I love this game, so fun but the kingdom arena has (10000) power or smth but I like this game so much stuff to do!!",4
burning spice cookie.,5
Game is decent but needs better quality because it crashes a lot,3
"I FREAKING LOVE THIS GAME! it's so entertaining. I love the little voices from the characters. it's such a good game! I found out there was adds for the cubes, I don't mind. it's worth it",5
"I greatly enjoy it, but each update feels so boring nowadays. the new of the updates keep wearing off quicker, and each and every update has a new story now. it's dreadfully tedious.",4
GAMBLINGGGGGGGGGG :D,5
I love golden cheese cookie,5
THIS IS A MOBILE GAME WITH OPTUONAL ADDS?!?!,5
"I really love this game, I've played it for about a year, and this game will never stop being my favorite, my sweet pookie burning spice and shadow milk AAAAHH! >_<",5
I honestly love this game. its storytelling is great the cookies are great personality wize. it can be hard to figure out how the game works but you get used to it. the game play is great. I overall only have one issue and thats the Fandom. it isn't as bad as other ones but it still can have some drama. anyway 100 will recommend to my friends,5
"definitely reccomend!! the character designs are great and i adore how much thought is put into each cookie, so much story to consume and a lot of fun stuff! most of the multiplayer aspects are heavy pay to win so that's a bummer, but there's not much p2w so that's a win! so many different things to do and cool things and i actually couldn't reccomend it more",5
peak,5
"Amazing story and game, love how beautiful the cookies are. always anticipated for more updates.",5
it's so fun and cute I can play this all day,5
I LOVE IT 5/5 STARS,5
nice although my phone is dogwater at least this high quality game can still load and play,4
it is good and very fun to play but super buggy sometimes,4
i love this so much.,5
i love it so much that i PLAY IT EVERY SINGLE DAY it is so much fun edit i would recommened this game to everyone that likes flash gacha any interactive things.,5
Pay to win sweatass game,5
"this game is so good from my perspective,but it needs some Improvements.maybe make some new mini games because I have played this game for over a year and a half.the mini games are very similar to each other.but this game is fun and addicting!",4
My fav,5
"been playing thia, they really put effort<3",5
"I've been playing this game for 5 months+ and say to safe I enjoy it but there is some problems. When I grind I don't get cookie cutters and to even draw 10 gacha pulls you need 3000 crystals and to get 3000 crystals it would take a whole world. People say"" what about rewards but i rarely get crystals for rewards. ALso why this one cookie say ZESTY SMASH",4
it's good idk lol 😭😭,5
dont get me wrong this gams is truly fun and awesome but its taking too much of my storage i had to delete about 13 of my apps (yes i counted) and its just very annoying that i have to keep uninstalling apps just to download ONE update.,2
"I LOVE COOKIE RUN KINGDOM!! I've played this game for a couple years, and it was my reason for getting up in the morning for a WHILE... I need to touch grass </3 jokes aside though, the storyline and cookie designs are AMAZING. whatever you're feeding these storyboard makers and graphic designers, KEEP FEEDING THEM ‼️‼️",5
fire spirit cookie makes this game an instant 5 stars he's made it peak🥹✌️,5
Great game,4
GREAT GAME,5
its just really good to be honest,5
great and the maintenance for longer,5
shadow milk.,5
"this game is so fun, it's one of my most favorites to play!",5
best game ever,5
"it's very good.!! amazing simulator with a storyline, quests, and unlimited things to do. however, it takes way too much space. can u free some space :(",3
"the free cookies are helping me, the only downside is that I don't even know how to use pick and choose",5
I LOVE HIBERNATING BEFORE UPDATES edit: been a SilentSalt and Burningspice fan since the day I saw em.,5
I LOVE YOU DARK CACAO COOKIE,5
The characters are SOOO CUTE!! The acting is actually good and the game itself is fun and addicting. It's a normal gacha game but done extremely well!!,5
"no bc this game is abseloutly no doubt the best game ive ever played, the gameplay, the story, decorating your kingdom, everything is perfect. Continue like this Devsisters!!",5
dark enchantress cookie,5
I like it.,5
Very good cool and amazing!!!!!but pls fix some of the crashes for when people log on. please and thanks!,5
need I say more.,5
The lore got me addicted to ts,5
i like it,5
I love this game so much I'm free to play but it's still fun,5
I FRICKING LOVE THIS GAME AROUND 2023 UNTIL I STOPPED PLAYING IN 2024 BUT NOW IM BACK AND PROGRESS MY KINGDOM!!!,5
it's so fun,5
The new Beast cookie releasing just seems greedy and money hungry in my opinion like all the time I put into burning Spice just thrown out the window cause y'all want to release burning Spice 2 and give the 1st one a very minor buff. Unless burning Spice will be receiving a awakened form soon this just seems like the effort you put into the cookie you had in the pass don't matter. This is just Ancient+ all over again,1
"this app is amazing! it's really fun and silly, the lore is incredible, the character designs and characterization in this game is top-notch! I recommend this game for people who are bored out of their minds! also it has fire spirit cookie and dark cacai cookie in it😍😍👅",5
"ITS SO PEAK, I LUV IT",5
BEST GAME EVER ENJOY IT BUT PLEASE GIVE BUFF TO MILKY WAY COOKIE,5
cookies and stuff love it And I love completing levels and I got shadow milk cookie Yippee!!!,5
just 5 star,5
اللعبة ممتعة,5
cookie run Kingdom is amazing it's so fun and no ads but I wish I had more rainbow cubes in the game,1
"besides pikmin bloom and actual therapy, this game has helped my mental health",5
"I love the game so much and I can't explain how much I loved it. I'm been playing this game for years and I didn't stop. it's addicting and fun. who ever got the idea to release the game, I love you for releasing this game.",5
"the game is awesome, it still crashes sometimes when i try to play, but its worth the wait!",4
liilr changed my life,5
"Fix your damn game, it takes too damn long to load",1
"I'm ok with it, but it pretty much makes me lag and makes my storage suffer, but overall, the gameplay is just.. P2W and gambling... But ok, the characters and lore are AMAZING!! Overall. .. 6.5/10 total (gameplay 6/10, lore 9/10, rewards 4/10)",3
amazing game very good character y'all should play,5
this is the best g,5
i love this game! the cookie are so cute and wonderful also all thinks in the game are not disappointed at all,5
it's ancient+ all over again,1
I love it !,5
"my last review was about lag and crashes, which the devs actually fixed and that's really good, but there are also new problems that arose after the final episode of beast-yeast, the new episodes in the main story ""arcana of truth and deceit"" are good, but they are being released back to back without any room to breathe. there's also the common problems of powercreep, the meta, but the game has been getting better these past few months, just release black vinegar cookie and you'll be forgiven",3
"I'm extremely mad. After the community boycotted the game in 2021 for the ancient+ fiasco, the devs are trying the same move again. this shows that devsisters cannot learn from their mistakes and they don't care about their players at all. I won't be removing this review unless they revert the new beast addition like how they reverted the addition of ancient+ cookies. if you're reading reviews wondering if you should install the game, I don't suggest you start playing while the game is like this",1
I love the character designs and the characters And is a fun game,5
amazing I love it but devsis stop hurting my soul,5
yes just yes THIS IS A DAMN MASTERPIECE,5
I love the fandom the cookies and the ships ;),5
"This game is so fun. I really enjoy getting new cookies and battling It really entertains me. It has to be one of my favorite games. It never makes me mad. And the cookies are adorable. The style is adorable. I really like the Op cookies. I haven't played this game in a while, but when I finally came back. I was so happy. I literally was like, ""Oh my God, yay! I get to play again. I haven't played in so long."" That is why I Really like the game. So fun! I would really recommend!",5
this is amazing you just need a comest phone a good one to not have crashes like crazy aslo if you want to spend money I have a system called boosts it's a package that helps me do but I have to do something and can't be thing's that give me the main thing,4
love the characters they look really cute,5
"really fun, looking more cookie",5
"genuinely one of the best games ever! I've been playing for years now (since 2021) I still love this game so much very F2P friendly even though I've spent a few dollars at this point, the lore, gameplay, and concept is amazing and devsisters deserves to feel pride in this game!",5
"This game is very fun! The designs are so well made, the stories are great, and the game runs pretty smoothly!",5
I like and uh it's nice :D my luck is sometimes bad but I got 3 rainbow cookie cutters in 3 10 pull rows? mehhh idk I like it fun nice events never take a break I guess in this game yeah.. bleh :P :3 I mean I'd give it 4.5 out of 5 but it no let meh,5
peak hehe,4
I love this game,5
it wont let me play it keeps crashing every time I open it,1
keep improving! love the game!,5
good game,5
I luv dis game,5
The peakest game i ever played 🤤🤤😳😳😳,5
this game is everything,5
add a feature that makes raidant beascuit dough faster to farm like add to bounty it's hard to get it since the drop rate is low for beast yeast or make a permanent event on it also i seen trail in nether realm gives raidant beascuit dough not all people get to a high floors which is an issue because of toppings .,1
"Fun game, but when I'm updating it always gets stuck at 100% or takes hours to update overall I absolutely love this game!",4
Dude... this game is super No problematic creators and a good story! I would play this game everyday if I could!,5
I love the game and gameplay it's so peak,5
I love those animations 😍,5
"the game is good, but boring at the same time (if you already done the story and events)",5
very good,5
best game I ever seen online,5
it's a great game truly but the wait time to upgrade your Castle is absurd 18 days and I think it's 54 days at Max,4
it's fun but i fell less and less like i want to play it and it's kinda a chash grab now it's a shame :c,5
like it,5
"I love this game so much, one of my favorites games to play and I've recommend it to my friends and they love it too,",5
"Cool story and characters, but the game itself SUCKS. The battle gameplay has an auto button, the game mostly plays itself. And the gacha is so forced, you can't get that far in combat without pulling for a character. And in a KID'S GAME. This just feels predatory, and over time I realized how bad this game is. I'm permanently quitting.",2
"this game is amazing, the only downside is the current storyline 😶‍🌫️",4
horrible game!,5
This Game Is Fire 🔥,5
love the game keep it up devisters >n<,5
I LOVE this game it is AMAZING and the lore is sooo peakkkk!!!!! but the ads- oh my GOD their NOT accturate at ALL but the game is sooooo coolllll! i love it ^^,5
AMAZING,5
i love it,5
"I loved it, but I would like it if you didn't have to have so much space on your phone for it",5
tuff game,5
I absolutely love this game. it's really fun and I'm super far in. but I can't play the game for more than 20 minutes without getting kicked out and I lose things sometimes. over all this game would have ⭐⭐⭐⭐⭐ but I can't actually play the game anymore because of the amount of times I get kicked.,3
its js peak,5
this is one of my fav games my fav cookie is stormbringer but lowk she needs more merch,5
I loveeeeeeee this game soo much the characters are great it has amazing lore with some dark and silly scenes and the voice acting it beautifullllll and its genuinely an amazing g game for f2p players and the gacha is pretty fair. You dont have to pay for anything unless you want more of something and dont want to take the time to earn it but sometimes its pretty easy. also there are no ads unless you want something and choose to watch it. though during a new update it would crash couple times.,5
"100% so fun! but only thing is alot if storage and time loaading in the game for the first time and with updates, but otherwise so amazing and calming",5
The audio is a bit buggy but still awesome. :),4
"Actually fun game to play when you're bored! The gameplay may be repetitive but the mini games are so fun and the gacha too lots of glitches and sometimes my phone gets really warm and it gets laggier and it just kicks me out of the app. Overall a really nice app ,some glitches and yeah . This game rewards you for literally existing. I also love the characters with cute little personalities and designs and the game is REALLY high quality. If you're looking for story games I recommend this!",5
best,5
hehehe,4
"THIS GAME IS PEEAAAKK I LOVE IT SOOOO MUCH theer are so so so many awesome cookie's and each with uniqe abilities and design the fandom is very healthy and this game may seem childish but it is like a therapist its so cute and ARGHHHH soooo fun and addicting! i often say ""oh ill just play for 10 minutes"" I TIMED IT ANDDDD I WAS PLAYYING FOR 4 HOURS uhm its just sooo good i mean u can see how much i can talk abt cookie run kingdom sooo u should get an idea abt how great it is enjoy this game!!!!",5
"great game, with plenty to do",5
IT IS PERFECT There is no other game I would ever play than this MASTERPIECE,5
SOO FUN i am or waz rank 2 in areana,5
"I had been playing since the release of hollyberry and still now, I really enjoyed playing this game, its lore,cookies,story mode and other events,reward, and mini games keep player and if your a f2p you wont have a problem that you would ran on because also as a f2p i have not ran into a single one but its ur choice if you want to spend or not thats it",5
"this game is amazing i lov3 it,ive been playing this for years now and i still am not fed up, great game.",5
I made it 5 star so u guys see it. the game is amazing and fun but failes to play on Chromebook this has happened for years devsis fix this,5
"Deep within my chest, Cookie run kingdom beats like a secondary heart—an unwavering core to my world. No distance can dim it, and no words can fully capture its depth. It is my comfort in the quiet, my absolute anchor, and the constant piece of my soul I carry everywhere I go. Close as breath, constant as time, and loved beyond measure.",5
you are using my weakness to comeback >:(,3
"THIS GAME IS FANTASTIC, also 5/5, why do you ask why I rate it out of 5? BECAUSE THE COOKIES STYLES, STORIES, BATTLES, AND VOICES!! Those are great, also the lag on the game is fine to me, Sound Barrier Broken? I'm fine with that. And I updated the game so it looks fine and cool ALSO I LIKE THE NEW COOKIES YOU PUT IN THE GAME",5
I like it but Just add a way nether realm cutters for free,5
"BEST GAME I PLAYED!, This game is so underrated, except for mobile players, Im a mobile player so i dont care if my drvice is going to burn or what, Cookie run is so good to play!",5
i downloaded it since i thought it was like those offline games. HOLY PEAK. JASMINE? HOT. BLACK SAPPHIRE? HOT. MYSTIC FLOUR? we married. THIS GAME IS PEAK. DOWNLOAD IT.,5
I'M OVERWHELMED BY THE CUTENESS!!,5
"The User Interface is an absolute mess. There are way too many buttons cluttered everywhere, making the menus incredibly confusing to navigate. Even doing a simple quest is a massive headache. The layout is just frustrating and poorly designed. Do not recommend",1
YOU PLAY THE GAME AND SEE WHY I RATE IT THIS,5
love it!!!,5
LITERALLY SO PEAK I LOVE MY STUPID IDIOT COOKIES HECK YEAH,5
i like this game more than humanly possible,5
Pretty good game. Just laggy and a lot of lore to do. But the events are also fun a little repetitive though,4
fum,5
the games is 100000/10 dut it take up a lot of data but good for phones if you have clash of critters🍪🍪🍪🍪 my fav is milky way cookie,5
I love it,5
the best gameplay and game i can ever ask for! i nearly joined in the wedding cake cookie update and i already got addicted in one week! keep it up Edit: Daddy Time Shadow Cookie please give me a chance...,5
love it,5
cool,5
soo op,5
I LOVE IT,5
it was fun but gets boring after a while and it's hard to actually get good and you get good luck when you start then you don't get anything good for years,4
Came back after a few years its still the generous game I once new.,5
"beautiful and cute game , love it !",5
amazing BUT I find a few things bad. first thing is the scaling in the first few days of playing i got a beast cookie and it turned the campaign from a interesting thing to oh hey their is a bo- never mind and its very difficult to get cookie cutter idk how but it feels like that to me but I will give yall this is thought this game would be PAY TO WIN but it was not I could take on pay to win players and drop kick them into a coma BUT it is too updated i load it up one day the next BIG UPDATE,5
gayest game ever 100/10,5
𝕚𝕥 𝕚𝕤 𝕤𝕠 𝕗𝕦𝕟 𝕒𝕟𝕕 𝕒𝕕𝕕𝕚𝕔𝕥𝕚𝕟𝕘 𝕒𝕟𝕕 𝕚𝕥'𝕤 𝕗𝕠𝕣 𝕒𝕟𝕪 𝕒𝕘𝕖,5
"I hate this, trash graphics and trash game, overstimulating and too much stuff. too much luck involved , too easy and to hard, I hate this, never again . genuinely my grandma could make 10000000x better content, horrible, don't try.",1
Very good gacha game,5
it's fun I recommend to play!,5
I mean its good but pick and choose is the weirdest thing ever,5
I love how the quality is so good and the story is soo interesting!!,5
Absolute cinema 👍,5
cuz there is smc and he is my favorite,5
this game is so fun the voice actors of the cookies are great and the animations are so cool,5
"it's very addicting and the bundles are a great price! I the recommend playing this if you like grinding games! And the design of the cookies are so creative and cute. This is by far the best game to play when your bored! And for people like me, I never get tired playing it! Love the game!",5
cool game lol,5
I like cookiez,5
"This game is amazing, might be my own addiction even! I love the design, the idea, and even the collaboration. However, recently I've been having some problems logging in. When I open the app, it seems to be lagging or not able to access my phone or something, it could just be my wifi, but in case it isn't, I figured I might put it in the review.",5
SO CUTEES,5
i love it is so good the animation is good,5
"Love the game, though maybe make it a little easier for f2p players to get some resources such as the costume cube and game soulstones. but other then that fantastic",5
I like it,5
MYY FAV GAMEE,5
so fun,5
this is good keep it up and have a great day,5
my favorite game to play,5
I like it,5
has lag but very genorous in gacha,5
LOVE THE STORY AND F2P FRIENDLY,5
I love this game,5
it's just fun,5
it's very free to play and gives you op cookies for free,5
this game is amazing my only complaint is STORAGE I had to remove 4 APPS (that I love) to UPDATE and 7 APPS TO INSTALL THE GAME,4
it's a really fun game,5
the loading screen is to long,1
best cookie Run game ever! I played this game since 2021 but then I quitted in 2022 but then in 2025 I returned to the game the number one game ever,5
Goood,5
give me fire spirit cookie,5
"New saying: The game is heavily repetitive and aggresive, new updates are just the same thing, we can't even get in due to how many gigabytes the download and updates have, I've been getting broke by buying currency just for a new cookie in a game, the game is very greedy which is what we're tired of, a lot of android players can't even get in, the game is too laggy and I'm tired of it- Permanently never playing this game, it's hell. this whole game includes smc, im tired of it.",1
i like your game,5
it is good but give me eternal sugar cookie please,5
"this game always catch my single ahh smiling and the new lore is a master piece 🙌 I think many ppl should play this game (unless u dont want a heart break- ) the game details r amazing and also made my English lowkey better- if u suck at English lowkey js play this 😛 if u don't wanna it's on u and the animations , ideas , transitions , everything is like heaven ABSULUTE CINEMA ✋️😌✋️",5
its so fun and I looooveeee White Lily cookie :3,5
"Caramel Choux😍, Creampuff Cookie😍, Milkyway Cookie😍",5
I GOT ETHERNAL SUGAR COOKIE IN EVERY ACCOUNT I HAVE,5
please just PLEASE add sonic back,1
I JUST NEED MORE NETHER REALM COOKIE CUTTERS PLS 😭,5
mmm eternal sugar,5
"HEY so uhm here's a quick bug report since I can't email it: My classmate got Eternal Sugar Cookie and Shadow Milk Cookie (also Hollyberry Cookie) but when they checked their inventory, they didn't have the cookies, whatever they did, they still didn't have it. Please fix this bug!<3",5
amazing game!,5
got boring over time. The focus on only few characters got boring to me and no longer made me desire to play as much,3
ITS AMAZING,5
"I really like playing this game and it's a good distraction. It has great designs for a lot of the characters and a great story in my opinion but it takes up a lot of space and can crash or get really laggy. It also gets rather repetitive often, even if I don't really care. I feel like there should be more variety in some things to make it less repetitive.",4
Best hyperfixation ever!!!,5
PLEASE GIVE ME TIME SHADOW COOKIE PLEASE PLEASE PLEASE PLEASE PLEASE I LOVE HIM SO MUCH BUT I DONT HAVE HIM YET ILL DO LITERALLY ANYTHING TO GET HIM PLEASE PLEASE PLEASE PLEASE PLEASE,5
super fun,5
BEAUTIFUL,5
Let us romance the cookies and we'll forget all about the controversies 👀👀,5
very good gacha system,5
these characters is so cute,5
i love this game but there should be more ways to get gems and speed ups,4
Please release Ovenhead cookie im going crazy. Please. Please Devsister.,5
ok,5
"Always a comfort game but, though, I wish I would have a proper device to play Cookie Run Kingdom again. I love all the written characters and lore, the world building and emotion, wish I coulfd play it again, see you soon!",5
"I've been playing this game since November 2021 and Ive always been free to play, in my opinion being f2p in arena now is way easier than it was a couple of years back (even though it mostly relies on insanity lucky gachas and a lot of time sunk ito the game) after all these years its still the best mobile game I've played 🤑",5
"This game is so fun, i might start saying this is the best game in the world! You know all fhqt gacha pulling, Decorating, Fighting, And discover new things! How great this game is!",5
the best game ever love the visuwal easy (except the arena) but it dose get boring aftern a while because it gets repetitive,4
I LOVED this game but before I sadly deleted it bc of how much storage it took up and I left the fandom but I decided to re download it and come back to the fandom ^^,4
this game is so so goooood it gives u so much free stuff even for doing nothing and if u deinstall the game and reinstall ur account stayed the same and the charecters are great,5
I like the magic and the voice acting i love this game.,5
overpowered cookies doing 1 billion damage-,5
its very fun!,5
THIS GAME SO FUNN,5
it's so awesome and I like it Im obsessed with it,5
it got incredibly boring over time. what else can I say?,1
"the game keeps kicking me out for no reason, please fix it",5
"beautiful graphics, smooth gameplay, cute characters and great storyline.",5
This game is EXCELLENT! The cookie designs are so amazing 👏 🤩 We need more games like this.,5
great design,5
"It's a very great game ,but I wish they collaborated with WWE",4
"its been years since I last played this game,It was genuinely a great game sadly I didnt get far because everything costed me and was a game that needed time to get things.Playing this was such a great experience but I dont know if its still worth the hype,but from all of my experience this is worth my time and the best 2 years of playing this,This game is a 5 star gacha game",5
fix the crash issue that is what is going to kill crk fix the crash bug,1
good time,4
so fun so good best animation,5
bro the beginner's luck is GREAT I got eternal sugar cookie in a single pull!!!,5
Bro...please fix information coin for cookie upgrades cookie run kingdom wiki 😭🙏,1
The Game Is Amazing With It's Voicelines And Designs And Gameplay And Story Is Absolutely Perfect,5
Such a nice game! I play for hours and it's fun to do the gacha and test your luck. The characters are so cool and the cutscenes are awesome!,5
amazing game BUT IM NOT WAITING 6gb if i have to wait that long atleast make the Waiting time data load faster like way faster just make it faster then il give it a 5 star,3
requesting anime collaboration,5
"I love this game very much..! there's no adds, no bugs, gives free cookie cutters, but the only thing that bugs me the most is that it takes my most of my GB... I always have to delete other games... but overall, this is one of the best gaming experience I've ever had, it's just a cute simple game where cookies run, and I really love the lore, that's all❀‎ܓ(｡◠ ꇴ ◠｡ ) hope this help!",4
fun,5
it is so wonderful to play and I love the gacha,5
carmel arrow cookie makes this 10x better,5
"The game has beautiful character designs, and great gameplay to keep players engaged. My only complaint is that it's extremely laggy at times, and takes up a ton of space on my phone.",4
good would Crack 100%,5
"this is a great game, but crashing sadly",5
love it perfect just perfect to the vary last bit,5
So I set my kingdom name in then when I deleted my account to make a new one and I try to put it as the same name. It didn't let me. Why can't we have the same names as accounts that have been deleted?,3
"Been playing since 2021, and I can't recommend it enough!",5
cool girl characters,5
"Amazing gameplay,the main game of just running through no stress is pretty bland,but it has SO MANY Quests that give you more characters,and level ups that it makes it a race to finish,you can customize the cookie at a certain point too,only bad thing is the main story is REALLY repetitive,not the story itself ,but how they get it across in gameplay,I can't WAIT to see what happens to white lily cookie",4
peak game,5
the Quality and the Voice acting are amazing but the I rate to Four star is the Fandom I Been join the Fandom like Last month I keep seeing The CRK fandom About Disgusting Ship! But The English social Team is Funny when they Post a Short! And I like the Written Story and Sad One I Love it! but to CRK Community Please Stop The Fandom artfan is disgusting I like the people Draw their Cookie art With no sexual Well Four Star,4
I love it and I have white Lyly cookie it's nice game,5
p e a k,5
Amazing 🤩. i love the Gacha Animation. overall perfect!,5
this is so awesome I made a silentlily kingdom is it okay?,5
"A game where its a series of cookies, you fight, theres dialogues, theres bombs, angst, yuri, yaoi, doomed yuri and yaoi, ancients and beasts, cool fight scene animations, anime ahh type things--And its a game about cookies btw💔",5
the game concept is cool. but the designs? MARVELOUS! overall it's a very fun game in my opinion,5
characters are cute the design are good everything is peak,5
BEST GAME EVERRRRRRR! SHADOWVANILLA FOR LIFEEEEEEE!,5
Very fun fr fr,5
honestly a good game with amazing scenes and a pretty good story,5
"I love it,so much",5
"I personally LOVE this game, but it takes forever to load when you first download it. I remember last time I had this game, I waited at least 2 hours and it wasn't even halfway. It would also be GREAT if the devs could have an update or something where it can do said loading whilst outside the game. But great game overall",4
i love this game so much,5
Very Fun! id reccomend playing this game.,5
"It's a really fun and engaging game to play, I highly recommend giving it a try if you're looking for a fun game to play.",5
col 🥶,5
"BIG W. THIS GAME IS SO GOOD. So, fun story: One day I was pulling in the costume gacha, I got Truthless Recluse, and I got VERY EXCITED. Also, MFC is my fav cookie :D W designs too, THESE COOKIES ARE TOO CUTE :D",5
"THIS GAME is absolute peak , I love this game very much and I love all of the cookies' designs! They're all very beautiful especially their costumes! There are plenty of other cookies that even without costume they still look very charming and jaw-dropping. This game is very enjoyable, I've once played this game for hours , grinding just to upgrade my cookie until their on max level. I have nothing bad to say , I got no issues playing this game, Overall, I REALLY love this game!",5
"It's an amazing game, it is so fun but it overtime gets repetitive. and the only fun thing is the gacha and story. I really like how much lore it has, but everytime I try to update the game, it gets stuck at 100% and doesn't let me play further. I have to uninstall and login again and again. it's annoying. plus it heats up your phone fast and takes up quite a lot of storage.",4
A very fun game,5
Ive been playing this game for more than 7 months and im still addicted to this game even if i lag it just shows how good the graphics are for just the cookies abilities but for my experience the game is just boring me in the kingdom on waiting for materials that takes HOURSS to build but the gacha is insanely nice bcuz getting 10 rolls at once gives me good cookies everytime,5
I love this game sm,5
I LOVE THE STORY AND ALL THE COOKIES :3,5
"When I Joined This Game It Is So Cool, They Have Good Design, Lore And Game Modes. But The Reason Why I Gave This A 4☆ Because It Keeps Crashing And Exits My Game😥. Please Fix The Game It Keeps Crashing",4
the charactors are cute and it includes fighting and fun draws to get cookies it has fun quests and some many maps. cookire run i hope you read my messege,5
its the best game in the whole wolrdddddddddd,5
eternal sugar cookie is so kewl!1!!1!1,5
"can't move app to external storage to save space, keeps restarting my phone every time I try",1
"It's an amazing game, I love it a lot.It's fun, you build your own Kingdom.It's adventurous.It's everything I want in a game",5
cute game i love it <3,5
very good game and is time consuming,5
its a good game super f2p friendly i thought this was an indie game untill i tried it,5
"My friends have fun playing it. my only grudge is that when I went to start playing, it said I must be 13 or older when it's literally a E10+ Rating. Just make it teen if you're gonna do me like that.",2
is my favorite game ever gng,5
THANKS FOR GG,5
"this is one of my favorite games to play and it's just packed full of adventure one thing that I would like to point out is that before World 8 in Crispa, it feels really grindy, and the conflicts don't really go anywhere (before World 8) but other than that this game is awesome! (I got shadow milk before world 2! I think it was my 50 some draw.",5
"Good game But for some reason lt Keep saying ""The Network is unstable Please Check your Connection"" But there nothing Wrong with my WiFi?",5
this game is the best,5
"amazing, but would crash a lot...",4
I like it because it is so fun and full of adventure and it have story's!,5
RAAAA-EHM...I LIKE CRK AND THE COOKIES DESIGHNSSS! PLUS I LOVE THE LORE!,5
"it was stuck downloading, so I got classic instead",1
great app! not many ads! unless you want them! but a lot of in game purchases... but it's okay cause they also let you get things for free!,5
gamenya berat tapi seru buat anak anak,5
Noice 11/10,5
gooooodd,5
absolute masterpiece no bug at all no ads(unless you choose it for in game reward) easy progression and easy material gathering but new player defenetly need a guide or they are gonna waste every material and have slower progression but again this is a very good game and if you never try it you should defenetly donwload this game👑👑,5
this game is actually pretty entertaining when your bored and can't do anything else,5
this game is great it has all mechanics I need to not be bored it's easy to get cookies even got a beast only by the normal gacha I highly recommended for kids like me,5
pretty good,5
I love it,5
meta changes so fast. like wtff??,1
"Gameplay was really cool, we get to Level up and build our own kingdom, it's so fun yet so relaxing. I'm glad this type of game Exist, i respect you, Devsis",5
Ngl this actually peak expect the Kpdh collab in my opinion,5
"I have been playing crk since millennial and wind archer cookie released, it's so cute and fun, though i had to restart the game cause my account crashed and i started again with the nether realm update,and yeah,i still have a good kingdom going on, i suggest that to make the game more fun is that u could possibly give us 20 cookie cutters each day and 100 gems is fine,and pls give a discount of White lily and Eternal sugar cause I've been LONGING for them!You guys never upset the fandom:)",5
it's very good game,5
"I don't know why I don't even play this game long time ago. You will NEVER see a game that doesn't force you to buy just to get good rewards and you can get good stuff by GRINDING, The animation and lore is INSANE aswell. Though it take SO MUCH space and i thought it's annoying at first time downloading because you need to wait for HOUR. But after playing? It's WORTH it. VERY worth it. 100/10 stars",5
best geme,5
"this game is really fun! but I had to uninstall it because the game keeps eating my storage on my first device. when I got a Chromebook I it keeps exiting because devsisters don't want anyone cheeting or whatever, even after doing EVERYTHING I could just to play. the game gets really laggy after a while, but everthing else is fine and I love the storyline. i`m still not giving up just so I could see my fav cookies again, anyways have fun playing!",3
This game is genuinely one of the best games I've ever played you can feel like so many characters payment is not forced there are no ads whatsoever. It is so good the characters are extremely well decided in the storyline is fun and engaging you're able to do so much and pay is not necessary at all 10/10!,5
I accidentally give you one star in the game and i didn't mean it this is one of my fav games. It comforts me somehow my favorite cookie is pure lily she reminds me of how ppl see me and I can't get behind what happen to her 🥹I will look forward to see other cookies and lore,5
Very very addictive,5
more coupons,5
BEST GAME EVER!!!!,5
that game is SO DANG GOOD!,5
it's a fun game and the lore is crazy,5
very good but it takes a long time for it to load up,4
I LOVE MYSELF SOME DAMN GOOD COOKIES,5
I love itttt,5
wow,5
I LOVE HOW CUTE THIS IS AHHHH,5
SOOOOO GOOD I ABSOLUTELY LOVE THE STYLE GREAT though I'm not sure if it's me but it takes a bit long to get in the actual game Just a small problem! BUT OTHER THEN THAT 10\10,5
I LOVVVEEEEE the character designs but the game itself is really laggy unless you have a proper gaming setup instead of a phone which takes my rating down a bit,3
love this game its aweosome best game everrr,5
"I've been playing from the first year of its release, though the gameplay doesn't fit my taste, this was the first game that has brought me joy I've never felt before when I first started, the frequent updates and events keeps the game fresh, and the story seems pretty childish at first but later on everything gets more serious and interesting. there's really nothing to complain about other than the extreme power creep levels, otherwise it's perfect",5
"great game, but update issues. I have had this game for a good while (on multiple devices) and on most it has to be Uninstalled for a big update. its a good lore game, but anything but a computer shouldn't be used for this to be honest. also, there are alot of updates and most if not all passes need to be bought with real money, except that then most of the game is very free.",4
it has no annoying ads and its really fun to get new cookies and decorate the Kingdom,5
a Fun game,5
ITS SO COOL I LOVE THE GAME NOW IM OBSESSED WITH IT,5
I think it's a really good game but I feel like it's all the same and because we're always fighting most of the time and there's so many updates I can't keep up with them 😕,2
👍,5
the pick and choose is so good i got awake super and anything dragon no way,5
SO FUN,5
very laggy because of pvc gacha quality is freaking high but besides that fine edit: i came back after like a year? got into high school busy and stuff AND THE SPARKS ARE SHINING SO BRIGHTLY I DONT THINK IT EVER LOSE THEM i like the new characters even tho my pc is laggy as hell its so fun seeing the new characters!!! i never really got this game out of my stupidly smart head,5
I couldn't even get in the game because of how long it takes to load.,1
it's kinda boring now..,4
"Jangan banyakin update nyaa, memori tab ku penuhh",4
it's the best game ever I've ever played,5
Cool game,5
an amazing game i could waste hours playing.,5
very good k uality,5
Very nice game,5
best game so good for people who like stories,5
it's a fun game and I like the storyline,5
Favorite cookie is Stardust! I recommend Devsisters make wiser decisions and listen to their community though.,4
"This game is really heavy to install and load. And the issue with this game is that I personally don't like gacha system, consider making it more grindy in a more guaranteed way instead of relying on pity system",3
The Best NO COMPLAINTS ( the music is the best ),5
is very fun and simple,5
"Its very easy to learn and play, plus ive already got Mystic flour cookie, and Pitaya dragon cookie in just 4 days without spending money!",5
NGL I FINALLY GOT SHADOW MILK COOKIE AHHH,5
best game ever,4
the loading screen took me 4 hours but I do like the drawing and character,2
"Honestly, if you ask me, it's a very fun game. In my opinion, I think all the cookies are amazing. But I have a question for all the JJK fans. wouldn't it be cool if they did a JJK crossover?",5
Great I been playing so long sometimes you just gonna need to watch the story,5
"absolutely great, but takes up..quite a bit of storage but manageable also I've been playing ever since pumpkin pie cookie released, please don't make pure vanilla suffer more (edit: this rating went from 5 to 3 stars the glitch put me in a loop and it crashed I can't get it back)",3
it is a super fun game,5
its soo cool and unique but can we get some rework for sugar swan like givs her a soul jam just like tge other legendaries and change her skill effect and more if she has the soul jam that would help ur game improve please devsisters can we get those reworks for sugar swan 🥺🙏,5
"I really like this game it has cool character design, peak story, and pretty much easy gameplay but I really hope that Devsis will make a storage optimization, make the gacha pulling system more fair because I rarely get the character on banner",3
IM SO ADDICTED LIKE THIS GAME IS SO FUN!,5
this app is great although it only works online,5
it is good af 👍👍👍👍👍 I love it,5
great game. just less storage usage,1
Awesome,5
I LOVE THISSSSSSSSS.,5
"It is so much fun The thing that I don't like is when you have to update it tho It still is fun ( I'm giving it four stars because I had to update the game, and I removed two apps)",4
Perfect,5
ive been playing this game for 5 YEARS! its such a great game and very Addicting.,5
I got shadow milk :3,5
"Best game so far, the only thing I hate, is if I use a hair icing, it changes to another color. Devsis please fix this, alot of my hair dye icings has been used / wasted.",4
the most best game,5
"It's still a pretty great game, but I just wish there was something that could keep me playing way longer than usual, I usually only really play the game to collect rewards and restart tasks so I can claim the rewards tomorrow and then do it all over again until something new gets added in a update, but even then it's still a pretty good game!",4
i really like this game a lot,5
10 out of 10 love this game,5
I used to play this game and I randomly found im having so much fun now👀✨️,5
I like cookies,5
THAT'S SO PEAK,5
So cool,5
"No complaints about this game amazing story, amazing character designs, great diversity absolutely nothing bad to say about this game.",5
best game,5
love it,5
peak just peak,5
its really fun once you get the hang of it,5
really cool game,5
"funny cookie game Play it if you like cute cookies and perfect lore for the game, you should get this update, I can't play anymore, it keeps kicking me out and saying it's a modified version and I haven't modified anything, fix this.",5
TBH it is still lots of fun (ФωФ),5
Visual and vfx in this game is cool and nice especially the voice acting overall this game is just wonderful,5
I once played this game for 20 hours straight,5
this game is awesome but can we add magic jam which is just like crystal jam for super epics? Here we go again... rating the app again and it gotta be a 1 star now. THE FRICK YOU MEAN 70$ FOR TIMEKEEPER COOKIE? Y'all are greedy asf cuz who tf would pay 70$ for a character in a game that might fall off? Don't play this game guys. Am warning you. Paywalls are everywhere.,1
I hate that king cookie I hope he dies,1
best cookie run version ever,5
Devs please fix this my cookie glitch for me please.,4
THE BAST GAME,5
what's a cookie? 😀,5
gamblinb addictieoen,5
The long download was infact worth it,5
holy peak🥹✌️,5
One of the best games I've ever played!!!,5
so cool,5
I love the game. It's pretty fun. I get to hang out with my friends and it's the best recommended game that I can let you guys play,5
MY STORAGEEE😭😭😭😭,1
SILLY VANILLY MY BBG,5
your game keeps saying that my storage is full when it's not full pls fix thus,1
Just Amazing,5
"it sometimes crashes, but not as much as before",3
"I love cookie run kingdom soo so so so much. I wouldn't be where I am today without it, I love all the characters, the story, everything. Yes it can get boring, but it's always so easy to get back into it. I love it. Thank you Devsis for giving us this masterpiece. I love Caramel Arrow more than anything, please make more merch of her, I cant afford the plush yet and I've been sad about it since it came out.",5
is very good cookies collect game,5
"I love this game! this game has a great fandom, also a great game!",5
It's fun and interactive to play!!,5
ILIKETHISGAMESOMUCH💖💖💖💝💝💝💝💝💝💝💝💝💝💝💝💖💖💖💖🎀🎀💖💝💖🎀💖,5
"been playing since jan 2021 and honestly its a great game (aside from the fact how the power creep works) gacha is good, you get new cookies easily and overall its quite chill! you can pick it up whenever after months or years and it won't be a hassle climbing up. great game and there's so much story and game modes now! hope to see it flourish more :)",5
Best game ever!!!,5
Surprisingly free-to-play friendly compared to other gacha games I've played!,5
CAN'T UPDATE THE APP!!!,1
i like this game because its a collective game and its better than other games and my sister love it,5
a bit grindy but fun,4
"I love this game. this is one of my favorite games to play, and i love that i can never get bored playing this game. i also have been playing this game for almost a year now. low-key I might be addicted though 😅",5
ADD OVEN HEAD COOKIE PLEASE OR ELSE WE ARE GONNA BOYCOTT,1
10 out of 10 game but it kept giving me updates,1
I love this game!!!!!!,5
I love this game I started by in April 2025.,5
it's just really fun :P,5
make the goat ovenhead cookie available PLEASE I REALY WANT HIM,5
"it was definitely fun for the first couple of months, but after that, it just got a little bit repetitive. the consistent adding of new features just felt like the game was shoving new things in your face to keep you entertained. the characters are interesting, but the story is pretty convoluted, especially when it comes to side characters",2
I love cookie run kingdom so fun and interesting,5
it's good. not bad and pretty time consuming. 🙂,5
so addicting,5
"It's so much fun and scary, but not in a horror way",5
characters are like so cute 🥰,5
is a really good game,5
"I have been playing this game on and off ever since Almond and Latte Cookie were added to the game. It's been a joy watching the development, despite all the setbacks and interesting developer choices. The game's music is one of my favorite parts, especially the tiny choir that they use for some songs. And The designs are so fun, cute, and memorable. Gameplay, especially long term playing, can get very repetitive and tedious. BUT, if you like grindy gacha games, Cookie Run Kingdom is for you!",5
AMAZINGLY FUN,5
Gambling.,5
it's kana good do😄,4
"been playing this since the sonic update, really cute and addicting game. a must try for new players!",5
I just love it,5
I can't change MyCookie,4
"I love this game I get so lucky I got, silent salt cookie, dark encrantress cookie, some ancients and beasts",5
I love this game smm there's so many cute characters,5
Ts is peak idc what you say,5
this game is very fun,5
So good o(^▽^)o But please make the cookie alliance the old version!,5
I love this game! it's soooooo addicting!,5
good,5
Very good game,5
mwah,5
peak game but INSANE amount of data,4
a really great and fun game. I love it but every time when a new resource pack or update comes I need to delete some apps or files on my phone for more space so I can download the resource pack.,4
i love everything about this game 😍😍😍 though it takes a long time boot while starting or updating but it has many new games for each different updates battles animations and each character design everything is gorgeous,5
an amazing game but it takes up a lot of storage,4
i love it :),5
I LOVE THE LORE,5
this is so good and fun I got so many cookies! this is the best game ever had,5
i pulled 100x and only got 5 epics and the rest are rare or common 😢😢😢😢😢,1
peak,5
love game ❤️,5
"I don't use it much but, I am happy this game is real, if it wasn't, I wouldn't even know what to do when I played it a lot! I love the fact that the cookies look so unique, and same for the names!! I hope the game is okay and not so many people left the game!",3
i love this game playing this game ar any time is regret good updates and keep up the update and could u do another colab pls,5
"I couldn't get in the game even after already downloading all of the things inside the game it wouldn't stop saying 'error' or something like that, I tried redownload but it's the same please fix this ASAP since I wanted to play the game 🙏",1
I got all cookie and it's so fun to play this game,5
SUPER FUN WHEN BORED,5
"The game's lore is interesting, but sometimes it feels rushed. not much characters have that much content, which is a little unusual, especially for me who is a fan of dark cacao and the other ancients. the gameplay feels a little grindy but i get used to it. i love the lore though. the fandom? not so much... i hate how most purelily shippers are dubbed down to ""im homophobic and i hate toxic ships"". i love the character development in some characters like white lily. (i love white lily) ♥️♥️",5
very fun game one of the best I played in my life,5
great game,5
I like this game just the lag is over lagged,5
Very good,5
Amazing game!,5
me and my gf play this game my gf name is anand and we love this game,5
"it is a great game, I love it alot and I love the story with in this wonderful game I hope to story becomes even greater and I hope all my fav character are ok :')",5
I like cookies and like the building stuff to,5
this game is vary much fun fun 😊 always sumthing to do and the story is vary good and i love the characters in it 🥰,5
good,5
I absolutely LOVE this game. My only problem with it is that it kicks me out at random times every now and then. Other than that I love the designs and color schemes of the game its great. Honestly im getting addicted to this game!,4
GAMBLING,5
I love crk,5
Its just amazing,5
so cool,5
the lore is sooo good and the designes are fire 🔥,5
"I love this game, the character design are so cute and I love how each character are their own. The collab are great and I can't wait for the newest collab! There are some bugs here an there but the game itself isn't that bad, I would recommend it to people who want a game with cute characters that you will 100% love with some great story, even though I don't follow the story any more because of how messy and confusing it gets. Overall this game is fun and very sweet! 😋",5
I love this game!!❤️❤️🍪🍪,5
lowkey addicted to this game 32/32,5
Its so fun but its laggy on pc,5
idk,3
"This game is one of the most fun games you will ever play and I swear by it. The plot, storyline, voice acting, gacha and gambling, and character designs are so well written out and performed it's quite the captivating app. I HIGHLY recommend cookie run kingdom!",5
great game! it's very addictive good looking and has many things to do so it's a game that can make you play along time but the only thing you'll have to get use to is game crashes and matinence periods during and update but devsis is doing there best!,5
me gusto elo juego es colorido y con buena historia,5
sooooo adictivee :3 ★★★★★,5
"I absolutely love this Game, it's completely addicting. I love everything about it, the gameplay is amazing, there's so much to do! I recommend this game to literally anyone that's got enough time to burn. I'd give 10 stars if I could!!!",5
"I use to play it almost everyday and today I've played the game less for now, due to the community stress and tons of bad luck but overall this is still a good game. but please update the gameplay and give professional players some good luck too. I know the gacha is a random spin to form cookies but lot of professional players complained about obtaining the same cookie or having horrible luck. I still love your game, just a little criticism.",3
no voice acting.,3
"make candy apple cookie the STRONGEST cookie of all time plz, thx <3333/j",5
"The game is great, and I have been playing for 4-5 ish years. Once I came back after a couple of months, the game changed so much. My team was heavily powercrept. The newer legendary and super epic cookies became harder to obtain unless you paid to get them. This game is kinda starting to become pay to win in a way. I do love the story though!",4
love it it's awesome,5
"Best game i played in years. At first I thought it was a weird game with cookies in it but when I started playing Wooo IT was amazing. The plot, the cookie designs, the voice actors, new updates, and events and more. thx crk you better send me free stuff 🥹",5
"its good, but i cant play it, ive updated it, but its stuck on saying it needs to be updated. please fix this crk!! :(",3
I lik it,5
mozzarella c00kie,5
it's fine I guess but I think everyone has been wondering when are you going to do an auto promote/ ascend,3
it's good,5
it's really fun and I just like collecting cookies and of course just grind all day this is a game I recommend to everyone,5
burning spice cookie my beloved,5
as a person who been playing this game for 2 years it's great but sometimes when I get updates it takes so long for it I don't know if it's my phone and etc but I don't know anyways great game!,5
peak,5
This is so fun.😊,5
i really like this game it's good😊,5
I LOVE THIS GAME,5
"You promised me 10,000 free nether realm cutters.",1
COOKIE RUN IS SO FUN YOU SHOULD PROLLY START PLAYING NOW,5
I like this game is so good to play!,5
PEAK Entertainment,5
"I JUST L0VE THE GAME and i love the way they animated shadow milk. but can you make the storyline that we see shadow milk's past and learn why he wanted to defeat pure vanilla for a reason, Edit: ohh now I get the lore.. still u should make an update where shadow milk has a gud side where his whole suit becomes gold and white edit: OK NVM CONTINUE ITS GUD LORE",5
"literally never got bored of this, rewards are amazing",5
"good game, fun and addicting. But nowadays its just getting boring. Just like Honkai Star: Rail the meta is just so unpredictable, and worse, fan favourite cookie are stuck being NPC, take an example of Sugar Glass, Ovenhead, Black Vinegar etc etc... But I hope these cookies will be playable in future updates just like Smoked Cheese Cookie.",3
"❤️❤️Cookie Run: Kingdom is genuinely one of the most fun gacha games out there. The game is colorful, entertaining, and constantly gives you something to do. What makes it even better is how enjoyable it can be as a free-to-play player. You can make progress, collect Cookies, participate in events, and build your Kingdom without feeling like you absolutely have to spend money. The characters are amazing, the art is beautiful, the music is great, and the gameplay is addictive in the best way.❤️",5
peak game i wish it would open on ios tho,5
story is so peak,5
Hm good game i love the designs and the voice acting but to update the game it takes long u can say 10 mins,3
"I really like the game! however, even with my WiFi being fully at it's peak, every time an update shows I have to wait in the loading screen for like 40m-1hr 🥹 I flinch like an abused child everytime I see a new loading screen",3
"I absolutely LOVE this game and how the gameplay goes along, I have been in this game since early 2025 and took some long breaks every now and then, but half of the fandom... let's not talk about that... anywayssss I would recommend using this game if you're ever bored and want a actual interesting game! 5 stars duhhh!! -from one of your biggest fans:)",5
w cat,5
"One of the gacha games leaning towards the rewarding side... If not one of THE most rewarding ones. Only real concern is power creep, but it's natural for any gacha games.",4
I LOVE THIS GAME SM🤤💞,5
meow,5
Cookie-tastic!!!! Best game in my life,5
"well if you ever thought you would NEVER simp for a cookie, too bad cause this game gonna make you. You either simp over eternal sugar cookie or its shadow milk cookie.",5
It's good,5
I love this game The especially power effect was best,4
"so fun to play, although I'm new , I just hope more people can join my guild",5
cookie run king is soo great you can go to adventure decorate you king dom dress your cookie and even more I love it play cookie run kingdom best experience game that I ever played,5
"the story is very cool so far, and it's generous to new players (which isn't always a good thing btw)",5
I like it :3,5
"DEVSISTERS needs to make a filler update, the last time we had a filler update was three years ago, we understand the financial problem the company, but the same pattern of grinding and farming update after update without having to take a break is tiring, especially with people running low on resources. Although the company listened to our complaints, some aren't still handled, especially the filler updates :(",2
"This game has been everything to me. Though, if it goes down, I have one request ... Post the rest of the story so we're not left with an unfinished ending I Hope it lives on, I love this game ❤️ I am slightly pissed that they're bringing white Lily back, it makes her death so anticlimactic and kinda pointless",4
"honestly, this game is pretty good!, good lore, nice stories!",5
ok,5
This game is so fun! I just can't get enough!,5
SO COOL AND YOU CAN FIGHT AHHAHAHHAHAHHAHAH SO COOLLLLLLLL👌,5
"this game is literally A-W-E-S-O-M-E. Although it is kind of laggy for me sometimes, the game experience and lore is amazing, very addictive.. and can get you addicted to gambling also- When I started playing, we had to get the characters by ourselves, but I am glad new players will be able to get free beasts and ancients, plus Dark Enchantress! I am currently on a new account because I maxed out my main, and lost my old accound back in 2023. I love this game, and hope the cookie runners do too!",5
Its amazing!,5
so I played this game I almost had all the cookies! but I went on vacation so I didn't play the game for a while and all my progress was gone :( I'm very mad I spent a hole year grinding on that game and I spent some money too! fix that problem >:(,1
super fun!,5
it's a very interesting wonderful games with pop ups and new cookie surprises,5
so much work put in to the game,5
perfect just perfect,5
I love the game,5
it fun,5
"Best Game, Has ton of things to do and exciting things to wait for every update ^^ 10/10",5
this game is AWSOME!! first time playing and im already addicted,5
"no reason you guys need full access to my Google play games, so you can edit and delete my save data on other games. any app demanding that lvl of access is sketchy as hell",1
good very good fun good for my autism adhd please put a 3x or 3.5 mode for levels,5
"the game passes are 0 dollars when I clicked on them it said to reload my game and I been reloading my computer for 8 times I evened reseted it and it still wasn't working. cookie run, please fix this glitch",1
brooo when j join broo I play for 3 hours untill my mom said no more tablet,3
the best game I ever played,5
I LOVE THIS GAME 🤓👆but it's my opinion so yeah,5
it's a every good game for starters and it's super fun I recommend people should try it!,5
One of my favorite games in the cookie run franchise. The lore and characters are all really amazing. Although I wish we could get a few more filler updates,5
"I like it, but ADD MORE STUFF ABOUT DARK CHOCO COOKIE.",5
it's wild how I got time shadow cookie,5
overrated!,5
its very uniqe and very fun it even loaded my old account back,5
I've been playing this for so long and the story was good I like the cookies also 10/10,5
"THIS GAME IS SO PEAK BRO, also, make a collaboration with alien stage okay😡😡😡",5
"personally, I love the style and character designs, but it feels weird with all the pay to win stuff. I feel if you started right now, it would be very hard to start without paying it's fine for me now, but it took some time. It's a great game after a bit of hard work. For the free to play players like me, you won't be the very best, but with hard work and admiration for the pay to win players, it's nice",4
it's good,5
I love it,5
Give us OVENHEAD cookie please?,3
Ubhajacsshvsssw I can't speak straight it's beautiful,5
I've got smc,5
i like this game and i think its good just a few flaws but every game has flaws no matter what,4
"i love cookierun "":)",5
i dont care if i just started.. i love it already.,5
PLEASE MORE CHOOSE FOR GACHA,5
"I Love This Game So Much It Definitely Deserve 5 Stars. This Game Never Gets Boring, The Adventure, Action And Unlocking New Cookies Is Amazing. I Recommend You To Try It And Then It Will Become Addictive.",5
"Really good, you can keep up with new events, though the story kinda got confusing.",5
"really fun too play,I got good gacha rolls",5
"I love it so much, I am obsessed and can't stop playing it. There's so much to do and it's hard to get bored, grinding for materials or pulls in the gachas isn't bad either. Recently too, I've gotten every single cookie i've been hoping for, even cookies I'd spend months trying to get a year ago was way easier now. It feels more rewarding of my hard work and effort I put into the game and I highly reccomend.",5
"one star, your characters and the background. you know, it kept lagging my game and kept closing itself.. please make it not laggy",1
is a good game where they give us free rewards broooo the besttt,5
super fun and addicting i was excited to see this again because i am an old player on this game and i just started 4 weeks ago and i already have shadow milk cookie,5
I love shadow milk:],5
first time playing today and this is absolutely fun!,5
good,5
"The game is really fun when you are bored and want some story-time! (Shadow Milk Cookie from Beast Yeast Chapter 7, I'm looking at you.) I love Silent Salt's new costume, and all in all, the game is very enjoyable! It is multiplayer so I can play with my friends, the characters are easy to like, and knowing it has other games related to the storyline, (OvenBreak, Witch's Castle, OvenSmash, exc,) makes my small, petite brain think,""Ohhhh, more games = more fun!"" Good job developers!!",5
really fun I have a great time playi ng,5
amazing,5
awesome gang,5
Got an add for this game and it looked cool so I downloaded it. Now I'm addicted and can't stop playing.😂 I was up until 4am decorating my kingdom😭😂,5
wonderful,5
fabulous governo me 14 of em right now,5
I hate what installing this app has done to my social media pages. I HATE ALL OF YOU WHO PLAY THIS GAME,1
fun gameplay,5
good ffkyz aplay,5
It won't let me install it 👋,2
Good fun smash,5
Peak this game made me experience every emotion thats ever existed,5
kawaii,5
fun,5
"i love this game, it has almost no ads and its just great.",5
Amazing game love the animations the character design just good in general,5
yay,5
it's the best addictive game.. although I'd like to add that it lags and constantly says I have poor connection.. when I have full signal,5
i like,5
it's Soo nice and fun,5
so good,5
Love this game,5
this game is so fun! I'm so happy in this game!,5
"been playing since shadow milk cookie came out, I'm a bit new but ay this game is my inspiration to do more arts and giving me ideas heheh",5
the quality is very good and the games pretty fun,5
"very f2p friendly, so many rewards as well specially for new and returning players.",5
STFU WDYM WLC DIED,4
So my honest review about this game is that it's mediocre. I've seen better games obviously but there are no clear way to view quests and I've been stuck on the first smithy production quest. If you can please fix these issues and make sure we have a clearer way to view quests. My phone did heat up a lot more than usual and as the time I'm writing this the heat is gone.,3
jus saw a vid on it and it look fire,5
"Ive been playing for a year and 3 months and it's been the Funiest! I enjoy the character design, animations, cut scene art, and the lore! I can't wait to see more content in the future! ^^ edit: PUPLO AND MOCHACCINO YURI 1 2 3 I WANT YURI 1 2 3 I WANT YURI YURI😛😛😛",5
iI only have this to say It is the best game I've ever seen 🙌,5
amazing gacha game on mobile,5
i like the game but it takes long to load,4
why is it so fun!!?? also custard cookie is cute :3,5
"Best game of my life, please play this cr game. Mystic flour is life, mystic flour is apathy.",5
best game ever hand up.,5
BEST GAME EVER OIF YOU SAY ITS BAD YOU ARE A CHUD,5
love the game it's really good in my opinion!,5
the cookies look yum heh,5
"I love the game, seriously. but after getting a new phone, the game isn't available for my device. if there's any way this could be fixed, I'll be more than happy if it's possible. And again, Love the game.",4
Overall I really enjoy the game and 2 of the tiny problems I had already got fixed so I really appreciate that. I'm very glad silent salt got a new fit I love the old fashioned look.,5
love it,5
"Kinda laggy, but it is really fun to play and it works better on computer or PC but you can play it to Mobile",5
𝑣𝑒𝑟𝑦 𝑔𝑟𝑒𝑎𝑡 𝑔𝑎𝑚𝑒 𝑎𝑛𝑑 𝑖𝑡𝑠 𝑚𝑎𝑘𝑒𝑠 𝑚𝑒 𝑟𝑙𝑙𝑦 𝑔𝑒𝑡 𝑖𝑛𝑡𝑜 𝑡𝒉𝑖𝑠 𝑔𝑎𝑚𝑒 𝑏𝑐 𝑖 𝑗𝑠 𝑙𝑜𝑣𝑒 𝑡𝒉𝑒 𝑑𝑒𝑠𝑖𝑔𝑛! (=,5
bestt,5
I love this game 🎮 ❤️,5
it's the best game.,5
good,5
I LOVE IT SO MUCH!,5
"This game used to be simpler. Its still fun to play and rewards are satisfying. But as the game progresses, there are just too many elements. One example is the currencies. Its just too many, I would prefer it to be simplified.",2
I love this game but parfait cookie she is soooooooo anoying I hate her unless you fix this the it will be a four star review,4
good,5
the best game everr,5
phanboon bro get off this game,4
it takes so long to load bro like i really dont like this even if i have good wifi or nothing wrong with my phone it still takes so long to load like bro just let play the game already....,3
y'all copied minutetech💔✌️,1
Game is Cool I won't stop playing,5
this game is good,5
Super fun and addictive,5
"Used to be 5 stars but they ruined the story with the Beast-Yeast update. But still fun. update: It's a one star now because the story is awful and they killed off the best characters, optimization is dog water, was my favorite game for 5 years and now it feels like a shell of its former self.",1
"its nice, but holy, when downloading/updating... WHY DO I NEED SO MUCH STORAGE DEVSIS💔 and im still upset at purelily being doomed. -emi",4
i love your game Devsisters is really fun and i also love the updates and storys,5
this game is so fun! I love shadow milk cookie so much!! hey devs can I ask you something? can you make a Colab with the game Toca life world pls? I would really love the beast and Antients there it would be so cool!!!/,5
this game is awesome,5
hell yeah,5
nice,5
Amazing love the game love playing with my friends love the cookies,5
"The game is amazing, good to spend your time with, also the cookies is cute and unique, I love CRK so much!! 😁😉😉",5
it's was wonderful the cuteseen,5
very fun to play just need to get some character free to play,5
C O O K I E,5
so fun and easy to get cookies too!,5
"I got charcoal cookie with only 1 roll, very good and aspodel cookie in a 10 pull. Genshin but cookies and instead of using your hands to attack yourself ot does it all for you, plus theres more characters here n somethin unique, though i still love genshin and ZZZ",5
it's a cool game,5
"Played Cookie Run: Kingdom pretty much since launch. I took a break after playing through everything, then eventually left again because the game is so pay-to-win that I was spending way too much on a mobile game. After almost a year away, I saw an ad promising returning players huge rewards, so I came back. I received NONE of the advertised rewards—not even the 10k diamonds which aren't even hard to get. Really disappointing and I feel a little scammed.",2
is very fun the grafic is pretty good and the animation is pretty cool and also is the game play is perfect,5
it's to laggy and large for storage,1
very fun,5
I don't really want to play the arena mode in ts game cuz it's always a vertical arms race like fym you already got the 6 star of the new Meta cookie bro tf,3
playing since eternal sugar released its till good till now,5
pure vanilla is my husband trust.,5
I absolutely love Cookie run Kingdom. I have been playing it for as long as I can remember. this game itself any other games has help me with a lot throughout life. cookie run as a whole is one of my 1# favorite game of all time not going to lie it beats everything.,5
"lovely, just lovely",5
I love this stupid game,5
its cozy and well made,5
its good,5
It's The Best game Not gonna lie!,5
"the game is completely fun and recommended! the characters are so cool, plus the LORE never disappoint and bored us! it's clearly interesting!",5
"Though I don't play this anymore, it's amazing. The story is cool, the animations are crazy. I love it. The reason why it's 4 stars instead of 5 is because as i mentioned, i don't play it anymore much💜 edit: I change the 4 stars to 3 because of the update. I lost my account because i don't have my old email. I was really sad about it.",3
I love the story and character design! And gameplay is very relaxing especially if you want to multi-task. Would recommend!,5
"shadow milk cookie is too cute hes the best character in the game and anyone who hates on him never played the game before, shadow milk cookie is the best character and hes truly the best match for pure vanilla cookie instead of white lily cookie.",5
I like it,5
good,5
has good gameplay AND ABSOLUTELY HOLYYYY LOREEE,5
this is really fun,5
your style of doing the cookies are beautiful but I wish that all guest account of mine where gonna be back cause my guest acc are deleted,5
it's amazing the gameplay is extremely good and simple but could you (for the time left on the pick and choose) make the cookie cutters available in the trial of the nether queen,5
Amazing game. You always have something to do.,5
تستغرق وقت كبير وغير مفهومة,1
لعبة جميلة,5
"Loved it before, but I can't excuse all the generative AI usage floating around. Truly disappointed.",1
its a realy fun and cute game it realy is an masterpiece,5
REFUND,1
meta changes with basically every new legendary(and misc.)/super epic cookie that is released but I like the game and story outside of that,4
"im a newbie AND WHY CANT I PLAY IT, IM STUCK AT LOADING SCREEN AND EVEN THOUGH IM TAKING AN HOUR TO WAIT, tell me what happened pleassee😭",3
game is too good,5
FUN ;D,4
i like crk :3,5
it's a really fun game for people who like roleplaying and games with lore,5
good,4
"I great game, guys if you don't about it, try it.",5
"Sorry, but if your game requires me to uninstall apps that are integrated to my daily usage, then I don't think I can take it seriously. 10 apps down and it's still detecting something. It's worse than banking apps.",1
amazing game,5
Very good,5
wow,5
GOOD,5
I love this game This game is the bestest game ever,5
is very good,4
nooo madeleine i love uuuuuu pls stay aliveeeeeeeee,5
love the game,5
THIS IS THE BEST GAME IVE EVER PLAYED EVER EVER EVER THEY SHOULD COLLAB WITH BBNO$,5
"It's alright, though I will say the story is VERY convoluted and confusing",3
It takes so long to load. Sorry,2
your game is really cool but I can't download the game it's really long!!! I don't have the patience to wait for this to load in the game.,1
OML THIS GAME IS SO CUTE IT HELPS ME WITH MY DEPRESSION ALOT,5
very fun and nice like the characters and voice acting plus nice story. would have given 5 stars if it wasnt for the fact event gacha makes it clear you need to spend money to pull on it but atleast you dont need it to still enjoy the game,4
I come back and got the best luck,5
gud game,5
very fun but im very unlucky but very fun,5
so good for kids trust,5
this game is great and the story is beautiful,5
great game and story,5
I like it,5
Truely a famnominal game,5
Its AMAZING! im completely addicted! the storyline is a 10/10 and the characters are a chef's kiss!,5
shadow milk cookie,5
give me luck plss dev love you,5
I LOVE IT OMGGGGG,4
"devs. listen to your people, I've been playing since like.. what? late 2025? you act like we arnt here complaining. PLEASE. stop using AI you have talented and beautiful artest, MAKE THE GAME LESS REPETITIVE. stop giving us the same STUFF. even im getting bored of it. stop spoiling newgens. and most importantly. LISTEN. TO. US. stop throwing us off. your already somewhat bankrupt. this isn't ok, LISTEN TO US DEVS. REALLY, LISTEN.",1
why is 8GB?,3
its good game,5
cookie run can you please make the running Obstacle cores mini game on golden cheese update Skipable after many tries I'm struggling to do it And it would make it so much better if you could just skip it,4
"really good graphics, fun gameplay, wonderful designs 10/10",5
"they werent lying when the description said ""fall inlove with their voices""",5
pretty good game.,5
"game Chilling, makes me release stress",5
literally one of the best games i played,5
cute and fun,5
good game,5
.Good game,5
10/10 would recommend very addictive,5
Its a truly amazing game ive been playing for 4 years its so good !!,5
it's fun,5
FOR THE LOVE OF GOD DEVSISTERS OPTIMIZE YOUR GAME PLEASSSEEEEEE😭😭😭😭😭,5
nice game😍🤩 keep going🖤,5
the game is so fun to play,5
my brother say to play this it's can the fun,4
"everything is awesome, it never gets boring, the art styles the competition all is awesome, however they're some few problems with it.... but recently? I'm having troubles with some certain cookies voiceline! like someone sped up their voices! what the hell is going on!?",4
ily,5
"i used to love this game a lot more back then. however, in my personal opinion, it has downgraded quite a bit since beast yeast ended. im not saying the game is bad, of course it isnt, but the game isnt as good as it was a bit ago. there are barely new game modes, barely any filler updates, and a majority of new cookies have to be grinded just so you can get them, since they are mostly super epic+. i can see why people like this game tho, it still holds a special place in my heart for me too.",4
the wait of downlouding this game was sooo worth it but i think that there should be a new character called katie cookie who has a burn on her left side of her face who is five years old and can fight stronger than any legendary cookies,5
mantap,5
Great game,4
holy quality,5
"I love CRK so much honestly, I’ve been playing it for a while and I still enjoy it a lot. I love the cookies, the designs, the story and basically everything about the game. I’ve taken breaks from it before but I always end up coming back to it. It’s just really fun and I definitely recommend it!",5
yippee yay,5
"This game literally healed me when im down due to the cute cookies.Its also very funny that the story starts from chasing the lil cake hound that stole a crown to another multiverse dimensional quest lmao.So far,all the gameplays areeasy to use and quick to understand.I usually play ts from 10pm to 5:30am so its quite addicting because i always farm and grind for materials and diamonds lol.",5
"I love the story and the characters design, overall the game is awesome and fun",5
I like it 😍,5
I love the game,5
Please put like 4 Minutes in the choco tower and strawberry shortcake tower it's so difficult to defeat especially when you reach higher tray,5
the app is fun and it's very entertaining but I have one problem and it's bad optimized for Android because it's constantly laggy and my phone gets very hot and my phone is a good phone and I say the bad optimization on Android because I heard that on iPhone it works perfectly I would give it 5 stars but it really needs optimization because the game is so laggy at the point it almost crashed my whole phone,2
best game of all time,5
"Real fun and entertaining game! Combat is decently well balanced and free to play is a viable option, though purchasing things does make thing's significantly easier, as with a fair few free to play games, I do especially like the MyCookie feature, feels nice to be included with a create-able character! My only nitpick would be sometimes it's a little unclear when purchasing chocochalks for the MyCookie gacha but that's it on my end, my laptop is a bit shoddy but it runs the game :) <3 !",5
good game.,5
good,5
I love crk,5
최고네요.,5
PEAK!!!,5
best game ever.,5
nice,5
good game,5
I like it,5
OMG this game is so good,5
best gameplay lore and even more. the Cookies look amazing I love this game,5
I likey,5
"could you make it so that we could afk farm in world exploration?? like skipping through cutscenes without pressing anything or not having to press ""Next"" on battle stages. can you make it all automatic or at least give us an option button for that? Like I wanna start on 1-1 and do my chores(afk) so by the time I'm finished, I'm already on 1-13",4
good game ❤,5
"I got this game back in 2021-2022 but even though my kingdom is good newer people surpass me every other day, so mabye I should just but this game down for a break. anyway good luck if you get this game. goodbye!",5
"It's good but after a while its hard to get gachas and the story gets hard and the strawberry tower im on is 283 It's too hard to beat now. Same with the chocolate tower im on tower somewhere around 50 and I'm stuck because I dont have the recommended cookies at a good level or at good attack lvl or enough promotions. From there the game becomes very boring, it got to the point where I deleted the game. If the game changes I'll maybe consider downloading it again. DevSisters fix this please.",2
good game,5
Amazing.,5
I love it. it is very cut.,5
Cookie Run = so fun,5
"It's an amazing, fun game with wonderful animal and characters! I really recommend.",5
this game is good i never boring about and everything is amazing 😁😄,5
Good,5
no i actually hate this game.,1
ITS SOO GOOD TO PLAY,5
good game,5
thanks for game is beauteaufaul,5
I like Dark Enchantress Cookie,5
i love it but pls give me more luck🥹🥹🥹,5
"I love love crk—especially the lores and characters design. but after the update, crk keeps crashing and lagging. I hope you can fix this major problem and concern, not only mine but the majority of the players. thank you.",3
sorry i like the design but my phone always glitching...,4
I 💜 Cookies,5
I love this game,5
Ok,4
SUPERRR FUNNN TO PLAY ITS SURE HAVE SOME BUGS BUT EVEN BUG IS SCARED OF THIS GAME I RECOMMENDED 😭,5
"I like this game a lot, buutt I'm super lazy",5
it's so fun and you'll always have something to do! I love the graphics and the voices! the people who made/helped make this game really put their soul into it!♡♡♡,5
Used to enjoy this game for years until losing account. made new account. game is very beginner friendly with decent balance between gacha and ge grinding,5
Very good i got my fav cookie shadow milk cookie and game extremely good Im have bad grammar bc im lazy💔🥀,5
best game ever,5
GREAT GAME so awesome,5
Good,5
fun :3,5
interesting Game. I like it.,5
worst game ever,5
using Ai for art is really bad. the entire company needs to be embarrassed for this.,1
I think it's amazing cause it's so fun and it's a really good fun game,5
without a doubt one of the best mobile games i have found ever,5
Burning Spice Cookie,5
The best game in terms of fun,5
the best game I've ever seen,5
it takes a little bit for the updates to download but it's still a good game,5
Honestly great game the cookies are great the story the animation. One thing I dislike is how you have to gamble for new cookies. And gems don't come around very much so you might have to buy some stuff just to get the cookie you want. Over all great game - 3 stars,3
Good,5
"It's very beautiful, I recommend playing it.",5
it was so good,5
pretty good game you will crash out 10/10,5
Amazing gameplay and storyline,5
it's a really fun game and I really enjoy it if I could I would give it six or seven stars⭐,5
I love the game so much! The cookies the animations every thing! The game is so cute even the cookie's voices but I felt bad for White lily cookie btw can you add berry yogurt cookie and grape vine cookie pls,5
hi i like this game. and i got shadow milk cookie but. my dad deleted the game. i miss it because. i get shadow milk cookie in like. 12 days..? and theres saves on your account. i didn't know which account has it. but. if the devsisters read this. find my account and check all of them if they have like. shadow milk cookie. and also don't check this account. i sent this comment because i already play it. i cant delete it. and just check all of my accounts. thanks.,5
good story ig,5
good,5
"it's so hard to log in sometimes it keeps saying that the internet is so slow, I have closed it many times and checked our internet which is actually strong.. i hope you'll be able to fix it. i really like this game",4
this is my favorite game I play this every day. I love how they have a new update pretty much every month with new game modes cycling through. There is so much to do that I can play this for hours. I highly recommend this game for anyone who like gatcha and world exploration game. The story line is amazing as well! Just learning the lore behind my favorite cookies is so fun! Seeing all of the videos clips too is just so entertaining I LOVE it!!,5
just wow,5
"The game is really good and the game has a story even though the writing is an error and doesn't produce sound, but I like it 😄😄😘",5
removed a star due to the anti-cheat now appearing to block waydroid users from playing the game,4
you could tell the developers really care about their graphic design. absolutely a beautiful game would highly recommend Great for all ages!,5
I like it,5
the most epic startegy game 2026,5
very Cool and So Good went we fight,5
its fun and good but my main account kinda got lost and I was in my other tablet's account I was worried I had to call my dad for help I tried to fix it but it didint work luckily my dad helped and saved the day but still a 4/5,4
not a pay to win game with alot of helpful starting items,5
"I have liked this game since 2021, and i still do! I love this game so much! 💗💗💗💗",5
yay,5
best game I never played,5
this a good game,5
That is a great game 🔥🤙🏽,5
its really fun to play with amazing story lines and the effort being put in t make these stories feel real,5
I LOVE it! never get tired of getting new cookies or the story. Would reccomend!,5
The fact that Im a f2p and I have just don't have 2 cookies says a lot abt this game!! I love the lore and the designs too :D,5
w game,5
I love the fandom the game is also wonderful,5
It's addicting,5
it's so cute,5
"This was my absolute favorite game ever, up until about a month ago. I have been playing this game for several months and I absolutely LOVE it! However, recently the game has become EXTREMELY laggy. It has become so laggy to the point that I can't properly close the app, let alone interact with anything in the game. I understand that as someone with an older phone, not everything runs as fast as it should, HOWEVER, I play this game with a friend who plays on an iPhone and he too has lots of lag.",5
best game on earth,5
A very fun and good game for me and more importantly it's free to play players have more chances of getting the cookies they want that's why I like it for a gacha game❤️,5
Peak,5
it was a good game it was so beautiful and I was so happy for playing this game,5
very fun to play :3,5
I love this game this game is Give me happing !. Thank you 💓,5
I love shadow milk cookie!!,5
it is Soo cool! I love the cookies too! I hope devsisters never give up!!,5
very addicting,5
I love the game(idk what to put),5
calm and absoloutly amazing rats out,5
THE BEST GAME EVER YOU WILL GET ADDICTED,5
it is fun,5
"I think they should give skip for story maps, according to our power. it's a drag to grind those maps.",4
I think it's a fun games 5.0,5
good,5
"wow, the adjustments made is crazy, and it hardly crashes anymore.",4
super fun and addicting adds a gambling sense to the game for getting cookies,5
"I loved this game.. but the download resources that came with the recent update takes too long and I need to use my phone, I can't keep it on the game to wait for it to load.",3
Nerf Ananas Dragon Damage please,5
"very well polished and a lot of work was put into it, but it's just not for me. I'm just not into these giant AAA cell phone games. Too much work, I don't wanna think too much in a cell phone game. I'm going back to Subway Surfers lol",4
"It's fun, but lordy lord there's a lot of pay to win ascpects. ggs tho.",3
IT WAS HORRIBLE!!!!!!!!!!!!!!!!!!!!!!!!!!!!!!!!!!!!!!!!!!!!!!!!!!!!!!!!!!!!!!!!!!!!! I COULDN'T GET ON!!!!!!!!!!!!!!!!!!!!!!!!!!!!!!!!!!!!!!!!!!!!!!!!!!!!!!!!!!!!!!!!! ): ): ): ): ): ):,1
"Pleasant surprise! In all honesty, I downloaded this purely to get more Google Play points, the icon didn't pull me in very much so I wasn't very excited about it. But OH MY GOSH. The storyline, the cinematics, the depth, the range of characters... This is now one of my FAVORITE games, and I am so glad that I took a chance on it!!",5
AMAZING GAME PLAY IT TRUST IT SPOILS U LIKE CRAZY,5
super fun,5
AMAZING GAME,5
it is fine,5
nice,5
unbelievable,5
"The game was really good but it genuinely stopped being enjoyable after Golden cheese cookie's release. The game became mainly about money — the monetization with the rainbow cubes, diamonds, and other currencies was so aggressive to the point that if new players joined today, it would be impossible for them to catch up. Back then, this game was so generous towards it's players. Now, its simply all about money.",1
"I love this game sososos much!!It's awesome and even though I had to take a break, now that the optimisation is better I can go back to the glory days when I played nonstop",5
"only complaint is the toxicity of people. in the Fandom, and in the game",4
Cookie run kingdom is fun and cute when it all starts from gingerbrave chasing the cake hound to some cookie's death its pretty cute and sad at the same time ;-;Plus i sounded like mystic flour and she is my 6th favorite and my game lags so hard bc of wifi,4
waw,5
The best game in history distinguished by its unique feature 3D,5
I LOVE THIS GAME,5
7Gb Download at the start is diabolical,2
"it's a very nice game! I find the details really awesome, the cookie designs are amazing, including shadow milk cookie, but I think that this game is truly amazing! ♡ when the hell did I make this",5
what a excellent game! The reward is Incredible large and better,5
its so fun i can't stop playing ( THANK YOU SO SO MUCKH DEVSIS,5
I love the new shadow cookie! Is shadow milk is cousin with shadow cookie?,5
peak game glad i installed,5
"pretty good game imo. although it does eat up a lot of storage for the simple game it is, it can still get very addicting",4
not bad,5
le battle Royale🥰🥰🥰🥰🥰🥰,5
"crk gets boring after a while but its lore, character designs, abilities are amazing",5
"It's fun and no ads at all, but the update screen is incredibly long.",4
"I love the storyline for Shadowmook, Cookie, and Pure Vanilla. It's amazing,",4
It's the best game I've ever played,5
this game has never been down its very popular recommended for fandom players to play cause its very fun,5
No adds and It's really fun new stuff new events Never Boring,5
It's really good cool if you can trade,5
"it's a really fun game but I do want to mention something that happened I pulled a really rare cookie and I was super excited because I got a rare cookie I went to look at my cookies for the cookie it wasn't there it happened with the pick and pull once or twice ( probably a actually like 6 times) but I was like ""maybe it was intentional"" it was the five free pulls a day but I got to keep more common cookies and it was sorta weird maybe it was a glitch I'm not sure but I'm just like ""seriously?""",4
I uninstalled all my apps 4 this ahh game just for it to not have enough storage.,1
"my best friend introduced me to this game, and honestly I understand why is obssesed with this game, it is really addictive and is now one of my favourite games to play. honestly recommended to try!",5
good game,5
ragebaiting me with the gacha I swear I have gotten witch three times in the last hour that I played it (since reinstalling it after an issue with my phone) and I am YET TO GET WHITE LILY COOKIE I HAVE BEEN PLAYING THE GAME FOR 6 YEARS 🤣🤣🤣,5
i love this game ive been playing it for 117 hours,5
i love the game and lore but everytime i want to play crk it keep lagging or everytime i leave for 5 seconds it reebot,4
"the game is actually good because there is events, rng, 3 game explorationand like they give free cookies some times, it isnt that laggy and it only lags when u zoom out, but i have a request, can u please balance the arena and the power meter (or sonmething) and bu7ffed certain cookies for the arena so it will be fair, the gamep[lay it fun and the lore is sad suck a exelent game thats all i can say",5
"I REALLY LOVE THIS APP! it's really addictive, And the story lines are great too! I recommend this game if you like adventure games or gacha games, battle games, And the cookies are so cute, I ADORE It when eternal sugar admires holly berry,",5
its cool good and fun i rate it 5 stars,5
this game is freaking trash. Edit: I was mad that I didn't get pitaya dragon cookie.,5
good,5
I love this game! even tho i have to restart bc I had to change my phone to another one but I enjoyed it! (kinda wish there was a save button to another device option thoughhh),5
the game is amazing i cant stop playing this game,5
THIS GAME IS SOOOO FUN!!,5
w game,5
قللو المساحه شويه,5
love everything,5
I love this game :),5
I stop playing Cookie run for like a whole hour or like a week or a month I regret everything I stopped playing Cookie run it was a new update and I was I explode with happiness,5
lag,3
love the game,5
nice,5
Great,5
peak game imo I love gamble>ng for cookies it makes me excited if I get something rare . i just have one tiny problem crk uses alot of data and is very laggy for me and it randomly crashes,5
highly recommend,5
uhh,5
it's pretty fun and cute.,5
gambling good,5
good games,5
Very fun love the game,5
"After the most recent update, the app crashed. Troubleshooting it didn't solve it.",1
fun :D ☆.☆,5
"Been playing this game on and off for many years and its still super fun to play, and the story is very interesting, top notch!",5
"it's very nice and cute with the cookie character, and I love how you can be able to get strong cookies like legendaries and ancients and beast overall nice graphics and and the gample action is the perfect touch this game is so nice and creative plus it's free i get a wide get so many fam",5
KINDA FUNNNN😃😃😃😃,5
"Love this game so much, the character designs are incredible and the representation of different cultures are so vast that it's actually insane. (Unlike another popular gacha game I know) Lore is very captivating to read and there's a large cast of voice actors throughout the game. Personally love Barrett's character, he has such a fun range when it comes to his character. Only downside is how hard it is to farm rainbow cubes and choco chalk. Those are so much more difficult to obtain.",4
love it,5
This game is so fun! I like the cookies and more I like the updates I like the design of the cookie but 1 thing. Sadly this game need internet and it's like crashing in my device when the connection is bad.. So I like the game but make playable for people who don't have internet. Like me so I play crk just for a while.,4
beatiful game and Is NOT FOR KIDS,5
🍪,5
it's fun to play NGL but I hope there's WILL be a cookie called tomodachi puff cookie and it's she her and she is middle and super epic also ambush (: i hope devsis make this coookie (:,5
friendly f2p,5
"BEAUTIFUL JUST BEAUTIFUL it's amazing and funn!! the best mobile game I've played in a while, i can't stop playing this game I love it 5 stars <33",5
I love this game so much but pretty hard to download but i like it,5
good,5
laggy,3
I love this game so much! I love everything about it. It's amazing 💖,5
It's very f2p friendly not pay to win at all they give so many op cookies at the start,5
PEAK LIKE WOW?? OMG BEST GAME EVER...AT FIRST IT LOOKS BORING BUT ITS ACTUALLY FUN!!,5
it is super super fun I love it whoever did this thank you,5
"Great passtime, amazing voice-acting and story line and overall just a great game! Also pure-vanilla is just so fine-",5
constant crashing i cant even play half the time,1
its a cool amazing adventure game.,5
"well first of all its an amazing game and the cookies designs are sooo cool but, the problem is that it takes very long to update and stuff but the rest is okay :3 totally should play it! my option btw",5
"I LOVEEEE this game so so much!! I've been playing for about five years now? maybe?? I started back when mala sauce was released, took a break around blueberry pie's release, then picked it back up with the wedding cake update and fell back in love!! this is one of the ONLY games I keep consistently come back to, and one of the only two i've spent money on! if you're debating playing, I heavily recommend this game! ^_^",5
great free timewaster,5
so much fun loveeee shadow milk cookie <3,5
I love it! on my first ever 10 pull i got dark cacao! which is CRAZY and im writing this from my dad's account,5
turned my tablet into a campfire,1
it's fun,5
"I absolutely love this game! Devsisters has a lot of well made games, but Cookierun:Kingdom has got to be my favorite. The story is deep, and well-written. Great character designs, you can tell a lot of thought goes into them. And all the other gameplay is outstanding. Absolutely divine.",5
PLS just release a filler update🙏😭 Even one is enough😭 I still haven't gotten ananas dragon and povidone-iodine and now there's time shadow? 😭😭,5
made me traumatized,1
ts buns bring back wlc and stop making character slop🫩🫩🫩,1
the best game there is!!!,5
absolute Cinema keeps me distracted for hours bro no cap finally found a game that doesn't produce ads only excitement and hoorays,5
Best Game Ever!!! <3,5
ITS REALLY GOOD IM TELLING YOU RN,5
I love this game so much its so fun,5
"really funny, awesome story, cute and amazing cookie designs and other cool stuff! Just that its really laggy on Ipad or Phone!",4
I like the game,5
it is very good and my fav is pvc and smc,5
Just download it,5
"I love this game so much✨, I would even donate if the donation wasn't so expensive😭",5
amazing i like eternal sugar,5
fairly replayable but I wish you could skip the tutorial faster? dunno tho. still a peak game,4
I like it its a good game and fantastic designs,5
best game ive ever played not many ads affordable gamepasses and actual good lore and plot and love how not the whole game is redirected for skins only,5
good,5
o hate thisbgame,1
fun,5
"Returning player from 2021 –This game takes too much space to download on play store, same with downloading voice line packs and ingame data. now my phone overheats even when im not playing the game. makes me want to uninstall it after half a hour of playtime. it used to be combatable on a much older device I used to have. the game is just the same concept used to build lore. Sadly the development have been unintentionally making the game worse with each update without much penalty.",1
"this game is generous af, I keep coming back every month of hiatus lol",5
"This game is very fun,and cool I will always play this game",5
addictive,5
kinda a lot to remember but it's confusing to remember it But its really fun,5
I love this game!!!,5
Nice game,5
this game doesn't even literally focus on old epic cookies that has been waiting for a costume for years and still they keep on giving shadow milk cookie some costumes which is NOT fair.,1
"awesome game. downloaded it in like december 2025 for a specific character (all hail burning spice cookie) and crk is so welcoming towards new players??? the rewards and mechanisms are cool ash man even if this sort of dialog story type games arent usually my thing, the stories themselves force me to be interested! also super grateful for the skip option. thank you devsis. hoyoverse could never be you",5
"its like, i started in 2024-2025, it's been SO amazing, I miss the filler updates though, please bring them back, also the character designs are chefs kiss, truly an amazing game!! :D",5
THIS GAME IS SOOO GOODDDD,5
"best game I have ever played, mobile or not! Genuinely the best thing that has happened to me in the past 2 years, I think I'm gonna get a tattoo. I'm already planning on going to Korea a second time to go to their irl events again",5
good game,5
I can't close the ads. I can't even report the ads.,1
"Haha, even after years, this game never loose it's sparks",5
I take back what I said. It's great but sometimes it buffers but overall it is quite amazing! Love it. Just wish there was more things to do.,4
"Genuinely my favorite mobile game. The story, the characters, the gameplay, the music, the lore. I don't think I'll ever stop playing this gem of an game.",5
I adore this game very very much!! one small thing I would like to see implemented is the ability to filter cookies in the MAIN COOKIES tab by element rather than just rarity/stats. it is very painful to have to go into story mode/arena just to find specific element cookies!,5
"newest update to alliance battle is literally the worst thing ever. needs to be put back to what it was ASAP, new battle is dumb and uninteresting",1
remove alchemist cookie. shes in the way.,5
the game is so aggin (spell the last word backwards),5
This game got me into the Cookie Run Franchise. I wouldnt change that or the world! Love this game and series! :3,5
it won't even work and everytime it did it would aways kick me out saying servers are full try again later and I could even make a account without a ad every minute,1
Amazing game! This game caught my attention right away and would for sure recommend for people who love great character designs and action!,5
"the designs and animations are great! tho the only problem is for returning players, other than that, addictive game! animation and story lines are perfect!",5
this game is very fun and relaxing,5
"The day, everyone retired CRK since 2021...",1
I love the characters!,5
Good,5
Its not bad but its definently overhyped the gameplay gets boring and its more focused on visuals than actually playing,3
i change my mind. white lily died im crying,5
"i LOVE this game, been here since 2021, this is my thing",5
loves it,5
Very good game it isn't P2W and it is addictive plus it has loads of fun and exciting events i highly recommend playing,5
Amazing. I just really wish server's could combine or you can change your server.,5
content upload has gotten better and delays are rare so yea,4
LOVE THIS MOBILE GAME,5
"So, one of my friends plays this, so, I got curious, and decided to play. tbh, I dont really like RPG games, but this... this is PEAK! Amazing game, great effects and artwork, and storyline, plus, when you first start, its pretty easy (maybe too easy) to start and get cookies, and to level them up, so, yeah, very beginner friendly. So, yeah, great game, would definitely recommend. Would give 50 stars if I could.",5
"I absolutely love this game, I adore the art style and the storyline. I gave it 4 stars instead of 5 only because it crashes regularly, and I can't seem to find a way to stop it. EDIT: So apparently you just need to adjust the graphics a lot in the settings. Up to 5 stars now.",5
mega fun game I have made so many alt accounts to get every cookie on each account overall 5 stars awesome game dev sisters,5
meow,5
I think cookie run kingdom is the bestie game ever,5
ITS GOATED ❤️👍,5
Good game but updating it is almost impossible i was trying to update the game for a week and no matter what i did it wasnt updating i hope this problem gets fixed internationally or just for me i dont know really if its just me or not but its pretty annoying for me edit: the problem is gone now and havent been facing that problem for so long but its still 4 stars bc ovenbreak is lowkey more fun,4
hello im back after like a few months and I just have something to say. take a break.... you guys need to make like a side story like with Jaga cookie and the other one( I think) it's a great break instead of having all these updates :),4
it is the best game I evered play no joke it is the best😁😁😁😁,5
best gameee,5
I liked it but not how you gotta update it just to play a game,4
amazing 10/10 love it so much,5
"You guys made the new timeline of fate too hard, without a specfic character, the story cannot be cleared. i keep losing even on normal mode with NEW characters, keep in mind New from the last updates.",3
"this is one of the funnest games I have ever played, the story is amazing",5
Game is peak. that's it,5
Really fun so far and quite generous for a gacha game!,5
this game is LITERALLY the best!! I got a Witch when I just joined!! that's super peak teheheheh,5
this game is the best game ever,5
its very fun to play I've been playing since 2022 totally recommend playing this!!,5
Peak,5
good game,4
i have play this game since its release date 2021 this has grown so much i love you cookierun kingdom one of my favorites games^⁠_⁠^,5
the best app ever esc is amazing WHY DID THEY USE AI!!!!,2
Game keeps crashing on my new phone (Samsung galaxy a16) :( update: playing it on my computer now :),4
"I love this game so much it's a super cool game, I recommend you guys this game",5
really addicting!I love getting more cookies!!! :3,5
its very fun but its kinda lagging 🥰,5
The gameplay and overall time needed to farm currency in-game is great!,5
"The app is great and all, but when I downloaded the new update and opened the game, the devsis logo on the screen kept loading. I forced a stop and cleared the cache, I turned on my data while turning off wifi, and I completely turned off my data and WiFi. It still wouldn't work. So can y'all fix this?",4
this game is so fun,5
"Very fun game, it's just very grindy, would recommend if you have time on your hands! ❤️",4
This is my number one favorite game right now and the updates are more exciting to know.,5
"Oddly fair gacha system for a gacha game! Full voice acting which is quite impressive, with a good campaign & the almost constant updates makes it hard to get bored in a good way! Good optimization & other QOL features, likd having auto delete for the toppings & tarts! Amazing cookie designs imo. The main thing that needs improvement is the auto selection system but it's not awful.",5
Fun,5
absolutely has w effects and the design on the cookies is just perfections,5
"says you need to be at least 13 to play, but the age thing says it's good for 7 year olds",4
"honstely the best game i ever played, this game helped me with depression and much more, it was n y coping game. thank you",5
I didn't play it but it's so so sso so so so o fun,5
best game,5
this h game is so good that I have no words,5
best game ever! it's so addictive and fun to play! the cookies have such amazing art styles!,5
"I absolutely LOVE this game! As an artist myself, I love all the designs and all the asset art. It's SO freaking pretty🥹 Not only that, but its a very easy game to understand! I would absolutely buy it over again and over again if it meant I could continue to play it! :3",5
it ize souh addecteng i swear i love it,5
"Great game! I've been playing for months now and it so good, heck even the fan base is also good but even if some good features are pay to win it's not a bad game I mean, every new update they give us good content and the lore is a chefs kiss. Is it worth it? Definitely.",5
super fun,5
crk told me to rate this,5
it is SOOOOOOOO PEAK,5
sooooo fun! the voice lines are so good and the animation!,5
this game is super fun to play it does require a but of grinding but you get lucky most the time and thats a good thing if you like having it easy at forst but it gets harder as the levels go by and enemys get stronger but over all its so good,5
amazing,5
"amazing, no other words needed. Oh, and please give sugar swan a coustume",5
it's fun to play when it's not Gilchly,4
"Would give 6 stars if I could, Amazing gameplay while I'm on mobile. Too bad I'm a bit laggy, Amazing designs and great updates. Love the official art as always! (Joined in 2024, Lost the og account)",5
"this game is amazing, so many cookies, so many updates, I don't even care how much storage it takes, and the cookie gacha/costume gacha is SUPER fun!! ( and addicting lol )",5
PEAK,5
best game ever well yes im trying to get timekeeper but i waste my money and then got it and it fun going to the gacha,5
the game is cool and fun to play but the more I play it the more my device gets warmer and warmer and when I try to leave I have to restart my device so I might give it a 4,4
"it's cool I love this game so much it's the Best game to chear up, but to update the game takes Soo long",5
cool game but could make you crashout,5
I love this game its really fun and u can get so many cookies. I never get bored and there's no ads unless u want to get something. Theres a lot going on but it's very easy to manage and worth it for the cookies. Great gameplay and overall just a great game.,5
"great game with big rewards! hoyoverse could never, keep it up!",5
I'd love to have less chores to do each update and for other characters to gain the spotlight instead of the same groups and the same characters gaining more depth to them (even when their storyline is already finished),3
A wonderful art style interesting world building. It's also very generous. the only issue is that some minigames are a drag but it's not required to play those.,5
this game is so cool,5
I LOVEEEEEEE THE GAMEEEEEEEEEEE AHH like it's perfect!!! i have been playing since the wedding cake cookie update!! i love this gamee,5
"i adore everything in this game, its addictive and interesting. the story is very well made, all the updates are amazing!! i get excited every time when there's a new update because i love to see whats new and if there's a new cookie i can try and get!",5
"I've played this game since 2021, I love how simple it is, and don't get me started on the story that makes me beg for more! love the character designs and VA cast! great simple battling system and also great animations for each epic and higher cookies! update - update 26 August 2026 - great quality of life updates. Im starting to get slightly sick of the quickness of the updates",4
quite amusing but hard to play on a potato device.,4
fun,5
I downloaded this 3 hours ago and it's super fun for me and I'm already getting addicted!,5
"Mandatory consent to using my personal data? No thanks, game uninstalled!",1
I loved this game; it's a beautiful and exciting game.,5
"Love the game, even if it is repetitive.",5
peakest game I've ever been recommended,5
I like this game but really has lil glitches. first is where there are two sugar gnomes that encountered for the first time.,5
"I've been playing for 3 years and it's a super fun casual game or a bit of hardcore grinding if you'd like besides that I've always gotten my money' worth out of things whether it's for my favorite character white like cookie or others, I personally really love the story a lot also due to the new time line fate with it being tarot card theme!Devsisters have many more games to!! so even if you get a bit bored or don't have much to do in crk you can go check out witch's castle or cookie crumble :)",5
I like the game but I do not like it how they use AI for ads to advertise their games,5
"Removing a star because i absolutely love the game but it keeps crashing which has made it unplayable for the last several months. I've tried reinstalling, and I have all my settings set to lower quality, but the issue still isn't resolved. Also the size of the game keeps increasing with each update, last I checked, crk was using 8gb of my storage which is way too much i think.",5
this game is Soo cool I love it PEAK GAME!! 😃😃,5
The designs of the cookies are AMAZING!! and the story lines are really fun! the game is really addictive and really good although I'm sometimes lagging but it's fine! 10/10 game for me,5
Play it No questions,5
"I love crk, I am fully f2p",5
I like it! this is my favorite one and the are so cute!❤️❤️,5
good if you're a pink pony girl,5
it's so cool,5
GOOD LORE GOOD GOLIE GRAPHICS GOOD CHARACTER DESIGN but only one thing i despise of this game that it does work well with my laptop i used it does even playable on some gadgets it should be playable for everyone i think uh yeah :D,4
"OMGOMGOMG THIS GAME IS AMAZING, ESPECIALLY SHADOWVANILLA",5
"I mean it's good but the gacha is just unfair, it takes forever for me to get the new cookies, and getting decor with stages that only have 60 things is unfair, I never have the right power, also glazing a character that saved your game from bankruptcy is Absurd, like we get it, there cool and all. but hey great game, the games good. 7/10",4
gimme beasts minions content,5
this was an awsome game. then they had to add comercials. its not that i mind comercials for benifets but everytime i try to do the comercials it freezes and i have to restart the game it ticks me off becouse i want the benifets.....,2
This is so goodd! :D,5
"It's really good, actually.",4
its pretty cool how much different costumes you can get in this game and yet with diffrent effects like genshin impact. its pretty cool.,5
most best items or cookies are mostly for money and there is mostly best items for money like dude why is everything for money,3
I love this game. it is a shame that i haven't got every special cookie from collabs. A Idea is that they should do a whole Special Gatcha. Where you can get special cookies.,5
white lily cookie 🥹🥹🥹,5
it's so good,5
top of all time,5
I LUV THIS GAME SOOO MUCH,5
"it's peak, but I keep crashing",4
nice game,5
it is soooo fun! you never get bored and the cookies are...HOTT!!!,5
fun games to play,5
"good game I love doughael but it runs like a toothpick that's being yelled at, after 2 years of the game running horriblely and crashing all the time you'd think they'd fix it",2
ok tbh...THE UPDATE IS PEAK!! TYSM DEVISSTERS FOR THE FREE DEC EVEN THO I ALREADY HAVE HER- W DEVSISTERS!!ｍ(｡≧Д≦｡)ｍ,5
This game is the best game I've ever played on my phone and I don't really care about the all the adds! I love the graphics and all the characters are really good. I love all the designs!,5
"Broken on Chromebook, the game crashes before it even opens!, Please fix this I've been trying everything!!!",2
I just started and this is sooo good👍,5
I love the concept and the cookies design!🩷 take my money b-!!!!!!!!!,5
it's a W,5
this is the best game ever,5
this game is fun and you can think about wildberry cookie while you play it 🤤🤤,5
"Decided to check the game out cuz my gf seemed to really like it and I kept seeing ads. I didn't know how much my life was going to change. The plot and art are phenomenal, it has several compelling storylines. I absolutely fell in love with the characters. I started playing it sometime last year and it's become my hyperfixation ever since. it's made me laugh, it's made me cry, it's made me mourn and grieve and celebrate. All this and more... and it's a game about cookies.",5
It's so fun and it's so cute,5
I've been playing this for 1 year its just so good. I still remember i played this game for the first time such a nostalgia.,5
"I just love the cookie designs, it's sick and amazing, I will say that I wish they added more mini games but this is just fine now",5
THIS IS THE BEST GAME IT HAS ME IN A CHOCK HOLD,5
its cool,5
Its so good those cookies in mind were like a total blast as a F2P myself! :) (is crk broken BC in manticne it said 18:30:00 EST ;6:30 PM; LIKE I CANT WAIT A WHOLE DAY..),4
"Second best in the CR saga (after OB) imo, very fun and entertaining. Can't say the same about its writing and pacing tho",5
"Genuinely such a good game, f2p safe, the lore and the gamemodes are a CHERRY ON TOP.",5
it's the best game I got lucky,5
"this game is absolutely awesome, 10/10",5
"best game ever! first of all, the lore is very vast and there are so many characters to explore. the design, the details are so good and compatible for mobile devices. not to mention the voice acting for every character. so good !!",5
i love this game!,5
"NOBODY likes Shadow Milk, give more attention and content to the other beasts, and STOP MAKING EVERYTHING ABOUT SHADOW MILK COOKIE. SUGAR SWAN'S UPDATE WAS COMPLETELY OVERSHADOWED BY HIM TAKING EVERYTHING OVER.",4
It's actually addicting for a gacha game it's funny 😭 ❤❤❤,5
NgL very fun game probs tho is..... WE NEED MORE DECORATIONS ADD STAIRS MAYBE? FLOORS ? but in a sense play a bit get hooked now!,5
Peak,5
"A great game. It doesnt force adds, only being there to get some stuff. You don't run out of things to do, with plenty of options and even being able to socialize. Most things you need are easy to get, if not just taking a little while to get them. The story is Intriguing and something I personally like to read and listen to. Over all, I do recommend this game if youre thinking about getting it. An easy favorite for me.",5
"It's a really good game, I love everything in the game even the game itself, I hope that Cookie Run Kingdom will always stay awesome forever, and I NEVER want it to end.",5
PEAK PEAK PEAK SO PEAK,5
good,5
"Great gacha system, doesn't dissappoint, a trillion times better than Love and Deepspace, wouldn't delete a LOVED character, great gameplay and graphics, just a few minor issues like random connection problems and a lack of ways to farm skill powder, radiant biscuit dough and some cutters but it's nice, would recommend",5
Awesome game,5
very disgusting game you have to download about 9GB to get trash game 🤢🤮👎🏻👎🏻👎🏻,1
I like it very fun,5
theres always something to do!!,5
I'm absolutely LOVE it,5
I love this game so much. especially I built so much progress it is so fun and entertaining 😄 people who are new to this game should try it out. it's very fun 😊😊😊,5
fun. DARK ENTANTRIS COOKIE NOOOO!!!!!!,5
"After finally listening to the community, no crashing. Well done.",5
I love this game the lore is super good even the characters shadow milk cookie is my crush recommended this game 10/10,5
it's very gay and its so fun to play. it's kinda gambling but not really tho 😞 and yeah🫃🏻🫃🏻🫃🏻,5
"I do believe that this game has great story along side with a pretty good gameplay that you can play both manually and automatically. Many characters are well written and designed and are very unique. However, the only complaint that I have is that the meta for competitive arena play can change too fast so it is very hard to catch up with other players.",4
this game is awesome ngl,5
"PLAY IT, ITS SO GOOD!!",5
i love it but it wont update and its a brand new phone so its not me,4
good game but why does every update take up more storage i dont want to delete any of my apps I use once I had to delete 18!!! apps just for 1 update?,5
Fun game. 👍,5
NERF TIMEKEEPER COOKIE,1
Really takes forever to load and it really crashes my computer and have to buy a new one,3
It's a fun game sometimes it freezes or takes for ever to load but other then that it's a fun game to play,4
"This is such a fun game I play this 24 7 because I like these kind of games it is like you can do a whole lot of things like battle, play with friends, and upgrade things it's just a good game",5
super super fun but just GIVE ME SHADOW MILK COOKIE PLEASEEEEE btw I GOT SHADOW MILK COOOKIEEEEE YATYYYYYYYY,5
Really fun when bored but takes up alot of storage.,5
IT'S PEAK 🔥 🔥 🔥,5
good,5
thank you I love my best friend so much thank you for showing you this game 🥹,5
I love it! I felt like I joined this game and fandom just at the right time.,5
this game is very good cause shadow milk is in it.. and uhm... shadow milk is in it and you can think of shadow milk while playing,5
Crk is an app where I would be glad to join the fandom to.,5
"it's really fun but I hate all the crashing, it's gotten less crashy but it still crashes a bit",4
it's amazing! I love it so much. at first when I was playing which was when dougheal came like at August. I was like what?.. but then the updates and the stories came and I was like omg this is the best game ever like hello I'm addicted.And the cookies are amazing there costumes full of details so many fun games chapters stories everything you possibly want in a game in one amazing one.Devsis you are amazing at making this game always fun.. I hope we get many amazing updates.Best game forreaders,5
"Great game! The graphics are amazing, the game runs smoothly, the story is interesting, and the cookie designs are perfect!",5
"best game I've ever played the mechanics are well balanced, and the rewards are VERY good 👍",5
very fun qnd I'm lucky,5
it's nice,5
ITS GREAT I LOVE IT!!,5
amazing.,5
Cute,5
"I love this game its like a daily ""ritual"" I do but it takes up SO much storage and I have little to nothing on my phone",5
fire game lowk worth it to get kingdom pass every month but other than that dont spend money unless ur trying to pull for characters u like IMO <3,5
6mil power with max promotions can't win a 3.5mil team with 1 star promotion team,1
"good, no greed and I love everything about this game thank u Devs! keep up the good work we love u.",5
If only we could trade...,5
This is my fave game 😀,5
is very good game,5
good game,5
love story and the game plus no ads :D,5
This game kinda fun,5
"This game is horrendous for returning players. There are far too many new mechanics. Why not further develop existing ones instead of creating an overwhelming experience? Absolutely appalled by how confusing this game is compared to the simplicity that existed a few years ago. There's so much to do and very little information provided in game, I'm trying to do all of it but I have no clue what 90% of it means. Seriously disappointed but I'm going to try to learn, but may drop the game.",1
"I messed up trying to transfer my old acc and I couldn´t redo it, time wasted otherwise it still is a very fun game",3
it's a cute game but they must see that the game lags and crashes on mobile also even on pc devsisters please optimize this other than the crashing the game is to die for it's soo cute and chill but also it get repetitive sometimes but it's very nice to play after like one week or something like that . thankyou,4
"Good `,]",5
1GB download and inside the game I must to download 7GB? for real? 🤣,1
Good but to lag.y and need to no be super greedy fun but p2w but cookies and lore SOOOOOOO GOOOOOOOOOOOOD,3
Tried to make me uninstall a network packet monitoring app before it would let me play; guess what I uninstalled instead.,1
it's fun and pretty creative with the characters,5
good,4
best,5
"I love this game. My best friend introduced it to me first and I downloaded the game, and well this is my favorite game I've ever played, the art is to die for, and the story is chef kiss. 100% would recemend for anyone who loves story games and gacha games.",5
good app.,5
this game is awesome and you put so much effort for this we love this game,5
. .amazing game you just need to have a device that doesn't lag,5
I love everything,5
I LOVE this game,5
PEAK GAME,5
it crashes every 30 seconds 😭🙏🏻 (also Licorice cookie solos everyone 👀),2
super good and updates so good,5
fun and no ads unless you want to but it's hard to get a new cookie e.g beasts and ancient and ancient+ and hard to get the medals to get more custom things for arena but overall fun and heavily addicting i do recommend checking out shadowvanilla is shadow milk cookie x pure vanilla cookie it's a good ship,5
My favorite game right now.,5
it so fun!,5
good,5
"Super fun, I do with that there wasn't as many things that are only for people that pay, and I would like it if rainbow cubes(and cookie cutters, but mostly rainbow cubes) were easier to get, but still very fun. I just hope ALL of the dragon cookies get released soon into the game",5
i like this game a lot ^^,5
lovely,5
good,5
berry coool,5
Great game and now what About you have,5
it's straight up peak 😜,5
I love it,5
I love this game,5
"Playing crk feels like a chore now, the game is unplayable because of the crashing issues. Devsisters really need to optimized their game, I used to be able to play this game for hours on my phone without it crashing constantly. Around when Dark Enchanteress Cookie got released it would immediately crash whenever i went past the loading menu. I play on my laptop now but still face crashes, random freeze even tho my laptop is new and has enough memory and storage to play it.",1
it's really good but I just need TIME KEEPER- I keep losing in arena🥀 edit: I got tkc now I'm in elite 3,4
phenomenal,5
"i love it,it's so fun",5
"MY PHONE IS GOING TO EXPLODE, AHHHHHHHHGHG STOPPPPPPP okay serious. CRK.. you.. uhh please stop taking most of my storage PLEASEE!!.. (not being rude) My storage has 2 GB left..",3
nice game i like ir,5
"Very, very, very Enjoyable",5
"𝟓 𝒔𝒕𝒂𝒓𝒔 𝒃𝒆𝒄𝒂𝒖𝒔𝒆 𝒊𝒕'𝒔 𝒂 𝒓𝒆𝒂𝒍𝒍𝒚 𝒈𝒐𝒐𝒅 𝒈𝒂𝒎𝒆. 𝑨𝒏𝒅 𝒊𝒕'𝒔 𝒓𝒆𝒂𝒍𝒍𝒚 𝒇𝒖𝒏. 𝑺𝒐, 𝒚𝒆𝒂𝒉, 𝒕𝒉𝒂𝒕'𝒔 𝒎𝒚 𝒓𝒆𝒂𝒔𝒐𝒏 𝟓 𝒔𝒕𝒂𝒓𝒔 𝒚𝒆𝒑 ദ്ദി(˵•̀ ᴗ -˵)",5
peak,5
YO THIS GAME IS EPIC MY FAV COOKIE IS PURE VANILLA COOKIE,5
"GRRRRREAT! Also, if you're me, try the 3:00 AM luck trick-",5
"10/10 game. Amazing art style and animation, the variety of cookies, styles, and the story. Chefs kiss.",5
"A gacha game that, somehow, doesn't require you to drain your wallet for every little thing. I mean, you CAN, but it's not necessary. 5/5",5
GIVE US A DEMON SLAYER COLLAB,5
😭 Bro app do you know,1
it's very fun it's not boring for me it takes off my stress,5
this game is really fun and cool but I hate EVERY THING IN A.I its offensive! to all the artists in this community we really need to speak up about the A.i use and I'm not talking about the drama about time keeper cookie I mean all of it I just want the a.i use to stop but without the a.i use the game is a 5 star game,3
❤️,5
"this game is fun, teamwork and it's cool I like the game experiences, design and more!",5
besides the fact it takes up a lot of space and money it's a really good game,5
fun to play,5
it's really fun and cool,5
for me it's a childhood game and it's super fun cuz u can gamble,5
good game,2
it's the best game,5
It sooo much fun,5
Its so peak you have to try it,5
I don't even need to say how good it is,5
I LOVE SILENT SALT COOKIE,5
"An amazing game overall, very sad that its slowly dying, maybe try to add some special event like a live event to the game where you can go to the town hall and see a special live event that can give you rewards such as crystals/gems, soulstones/prisoms, and maybe even a cookie!",5
good game,5
Moonlight cookie.,5
good game,5
It had BTS and Disney Collab. So huge L,1
good game,5
لعبه جميله,5
i would give it 5 stars if it weren't for the adds... I STILL LOVE THIS GAME THO,4
tuff,5
I love this game and i would absolutly reccomend this to almost anybody.,5
"I just got crk in my new phone because my old phone broke, but when I came back with a new phone, crk decided to force to download 7 gigabytes of resources and significantly downgraded my game version, and I can't just get a better router because my phone supports 5g only, and the region I live in has super bad internet connection, even my old 2g router is better than my new one at this point, and it almost took me 1 week to download all the resources, the crk apparently doesn't allow me to skip",1
fun,5
it's really cool i'm fun to is entertaining and also good,5
top,5
Good,5
good,5
"It's a fun, enjoyable game, but the longer you play the more boring you'd feel",3
Such an amazing game,5
"I used to really like this game, but because of how much things the game needs to run, it becomes LITERALLY unplayable on the average phone, I'd like to see the team try and combat this issue so more people can play!",1
the gameplay is great 💯,5
the best game for ever,5
I can't even dowload this app on pc,1
"cookie run I love you but for a mobile game you sure do take up all my space 💔 honestly that's my only complaint was I wish the game didn't take up so much space. overall though I do really enjoy this game, for the time I get to play before having to update it for the 100th time 😭",4
love this game,5
ILOVETHISGAMEAHHHH,5
I love cookie,5
THANK YOU FOR THE LUCK BC OF GETING TIMEKEEPER COOKIE EARLY,5
Getting into the series super late but so far am having a really great time and looking forward to experiencing the journey myself for the first time.,5
"cool, f2p friendly",5
I luv this game so much.,5
I BOUGHT TH SMC PLUSHIE,5
This game has gone downhill...,1
I love it,5
It's the best this game i've ever seen,5
The game gets a bit boring once you do everything but there are lots of rewards letting you do lots of gacha so I like it,5
has anyone every looked at the screen before they click play on crk and looked at princess cookie being unfinished?,5
"best game ever, gambling is fun, better than roblox 100 percent",5
white lily and pure vanilla marriage when????,5
I need my account back is vanillys but I got I new phone and need to do it all again but it is 🙂,5
very good,5
It was amazing apart from which it had to take 10000000 years to load.,5
lovee thissss,5
OMG I LUV IT ITS QUALITY IS PERFECT AND THE GAME IS SO GOOD AND ENTERTAINING,5
very vood game got awakend white lily cookie 6 star,5
I've been playing this game for just under a year now and I've gotten all the way through the story and have all the cookies on my computer and have restarted on my phone to see if it's just a fluke but it's still pretty f2p friendly (minus the arena meta) and the design is really cool and the voice acting is insanely good (if your in need of a voice actor for a new cookie I'm always open). and kudos to the devs for never stopping. also how are they pushing out the timeline of fate so fast?????,5
cool game,5
"It was good at the start and i loved that game really much. i always played it but now it's becoming more pay to win and it's really hard to be F2P. come on u can't be that desperate for money. Also, i wish there was a legendary guaranteed in 100 pulls in the costume gacha because even if i did 250 pulls i still had no legendary. And also using AI in the game it's a disrespect for the players that expect hard work and time in this game. Love the game, but you guys need to work on these.",3
good game 🙂,5
good,5
Love the gameplay amazing amazing I think who is reading this should get the game.,5
good game,5
Iove crk and it's so fun and I love ❤️ how I got golden cheese in a first pull and I was struggling to get Commons and rare but manage to get accents and legendary lol 😆 and I got tic and dark e cookie too.,5
incredible story,5
Cool game to bad the Arena sucks so bad. Character power is just a lie. if your not using the meta you will lose to power levels half your size. And I get that playing more gets you stronger.. that's not the issue. the issue is losing to a team that the game says is CLEARLY weaker than mine yet my whole team dies in one hit. cookie power numbers need ALOT of work they are currently basically useless.,2
good game,5
choo choo! I'm your train conductor!,5
good luck,5
I made my own cookie. I LOVE this game it's so fun.,5
It doesn't work for me it's 2g and not installing,2
nice app,5
good game,5
it's good !,5
Its such a good game its more free to play. crk give so much free stuff its awsome. The designs are great of all cookies and the skins are so cute. I love that they make it that we dont need to buy stuff all the time. its so fun!,5
"My phone kicks me out the game, but I still cannot stop playing this. I mean, like I keep on hiring other cookies jobs 😭✌",5
yea man,5
This such a fun game to play 😄,5
great game,5
"PEAK GAME. I saw a lot about this on YouTube and thought to download it, thinking that I'd delete it soon, BUT ITS TOO GOOD TO DO SO! Its fun, and filled with excitement. plus, you don't NEED to pay to win! paying would just make it quicker, but it isn't necessary for the full gameplay experience! (if you get shadow milk cookie, PLEASE GIMME YOUR LUCK!!)",5
Amazing game,5
the gacha system is designed to make players waste all their gems.,1
love this game,5
its cool,5
Best game I've played It only needs a minor adjustment.,5
"amazing, I love it. its so free, and so easy and fun. I recommend this to people.",5
terrible do not recommend,1
beat game you know,5
The worst game I've ever played in my life,1
it is so amazing,5
I get cookie haha happy times,5
best game ever bro Ive been grinding this game for so long I have every beast and awakened ancient I just wish it wasn't so pricey but it's such a good game I would recommend this to my dog my cat my fountain my rattlesnake my wall the great wall of china and my pillow,5
"so much fun, I love the gacha & gameplay",5
Good play,5
I've never thought I'd love a cookie game.... you've literally made the best game ever!!!,5
amazing,5
i love this!,5
ADDICTED!!! BEST GAME EVER,5
good animations,5
a great game,5
l ove how you can build your own kingdom,5
"it's fun but the scene in ep 18 wear it did that "" blue screen"" thing gave me a heart attack",5
absolute cinema,5
"as a new player who started last year I've gotten so many cute cookies and for someone new it's so fast to catch up with updates and more, this game dosent lag although it does require internet to play, but over all this game is fun and full of cutesy character designs, I personally love the stories in the game! (⁠☆⁠▽⁠☆⁠)",5
lovely game on the tank 4 pro I've been here since 2021,5
I. Love. Shadow. Milk.,5
peak,5
best game not going to lie,5
good,5
"Love the story, dislike grinding through stages",4
"i absolutely adore the amount of time and effort the developers took to create this masterpiece--for free, as well. absolute cinema",5
this game was actually fun. my only thing is that how the stories are so confusing in the timekeeper land i waish it was the way it was back in beast yeast when we were getting pumped. also i cant pull timekeeper i need more luck. 4 stars,4
just peak,5
good,5
Ai slop,1
Very good game,5
amazing game. download it or im sending shadow milk cookie after ur toes.,5
Probably the best game I have ever played. I love the story of the characters SO MUCH,5
goog game,5
Fun game and easy system to learn and rates have been balanced.,5
good game gg,5
"I absolutely love this game. it takes up a lot of space, but I think its worth it for the sheer amount of stuff you can do. currently I'm having a bug where Timekeeper cookie and Shadow milk Cookie's voices go high pitched during their ultimate during battle. at first I ignored it but now its genuinely getting on my nerves",4
Customer support will not help you if you lose your guild when you are sick. Not even if the person who now owns it does nothing to help the guild. Not worth the time or money when you can't get help when you need it. Years and money on the game wasted. Do not recommend.,1
very nice,5
"I got pummeled when I started playing again, please play if you don't wanna get pummeled like I did",5
"I'm too young to play this game, please make the age restriction lower :(",3
good game,5
perfect 👌,5
good 👍🏻,4
this game is the best game I ever play the characters the beautiful cut scenes the amazing updates it's a wonderful game,5
I cannot get back in my account😭,3
good game,5
"This game is actually so peak and underrated. It's a great AFK game too if u want it to be, they have a ""Autoplay"" feature.",5
wow it's a good game 😍😍,5
"this game is so good, I have been playing lt for almost a year but, theres way to many updates to download, and I have only 8GB, please make smaller updates, because the downloads are taking my storage.",4
this game is fun,5
"I might be biased because I got Capsaicin cookie on my first un scripted gacha pull, and then proceded to get both pure vanilla and burning spice cookie within an hour of downloading this.",5
great game I love the detail and timekeeper lk bad af,5
its very very peak the pure vanilla server is a MUST try it has more luck my new acciunt on this has 2 beast 2 ancient and 1 super epic on the team so pure vanilla server is a MUST try!!,5
I love this game,5
Good game,5
kinda nice gameand has no ads,5
SO GOOD,5
good gemes,5
very nice,5
God gme,5
its so fun and funny plus its kinda sad.. but i love the animation!,5
very good game,5
SHADOW MILK COOKIE IS SO FINE,5
good app,5
good game to me,5
good games,5
this game is peak I love the lore and gameplay and everything,5
I love this game sooooo much:3,5
I love it :D tbh them voiceline people are SO GOOD AT DOING IT!!! KEEP GOING :D,5
good,5
زباله,3
"This game contains drama, humor, action, and consequence. Best game ever.",5
this game is realy funny i very very love it.,5
"Peak game, Milky Way cookie is SO CUTE.",5
I like this game,5
try this game is very great,5
"enjoyable and recommendable, got all 5 beasts in my main",5
good jop I open pack 275 I don't have leg,5
good game,5
damn this game lowkey tuff,5
good,5
"Very nice, better than I had expected and the Korean voice acting is phenomenal. Very nice battle tactics and animation. edit: still good, a little overwhelming for new players and sometimes grindy, but It's still an enjoyable experience if you like gacha type games. say what you may about the writing, the voice acting us still fairly well done, both english and korean.",5
good game,5
nice,5
love this game but it always give me the legendary skin that i don't want,5
its very fun,5
it's good game,5
Nice game,5
This app is fantastic! Super easy to use and it works perfectly. I use it every day and it makes everything so much easier. Highly recommend it to everyone!,5
best game to release all your stress,5
"I really like this game, because I haven't log in since 5 months and then I got some good rewards!",5
A really beautiful game,5
very good,5
I find it quite fun but sad because can't shadow milk cookie but that Oki he will pop up some point in time ik writing not make sense it on purpose,5
good,5
it's cute! but i wish i can download this on my tablet i hope they put it!,5
absolutely AWESOME,5
"I've been playing since 2022! as of my return, I've found the game has made nothing besides massive improvements! very nice.",5
"im sorry, but this is actually n9t needed, another update?? Jesus. im sorry but ur dragging crk si badly",1
This game is very beautiful I tried it and in my opinion it deserves five stars 🤍🤍,5
good,5
that is amazing 😍,5
good,5
جميل جميل جميل جميل جميل,5
that what I really good game I did enjoy play it's for long time and it's awesome 😎,5
good app,5
I love all cookie there so many yummy and powerful cookie and I love the story line and I already have legendary in my first day in gacha,5
My sister told me to play it and when I tried it is fun!,5
cool but give me more gems and cutters hehe,5
hade a problem with the game before but overall good I recomend(also the problem was on me lol),5
nice game,5
Good game,5
very fun and addicting,5
I love how u have more chances then any gacha game to get special characters love the game pls make more varieties of it,5
it's a good game,5
good,4
so fun,5
nice a game,5
"it's a pretty good game overall, but it could use more f2p options on getting cookies easier other than story or special episodes or events, like a dungeon",4
love how cute asphodel cookie is. literally my only reason. 5 stars.,5
I love it,5
its fun to play and it takes no data from you I love this game!!,5
good,5
أنها لعبة رائعة,5
woow,5
I GOT PURE VANILLA,5
BEST GAME EVR,5
fun,5
nice:),5
goood,5
wow,5
Good game,5
nice game,5
good,5
"i cannot get into the game. this is so disappointing. after the game showed up ""devsisters"", the screen goes dark but the background music are playing. I've downloaded all data from this. instant uninstall. very bad",1
es de los mejores juegos solo no me gustan sus anuncios son re falsos,5
super cool game,5
its amazing application,5
new update's causing a crash.,2
"this game is amazing, though I worry about the direction it's heading. the fan base is upset, we aren't being listened to, and it's going to end the crk's experience as we know it today. they used AI, are slowly making it a pay to play, and aren't listening to us when we say what the game needs in order for the game to thrive like it has been. I hope that they fix things before it's too late.",3
one of the best game,5
Good game,5
This has so much inside!,5
Ilike thes game,5
good gems,5
good game,5
PEAKKK,5
"I barely played the game before because I was lowkey too late and already missed a lot of events I used to be obsessed with the game, but there were starting to have a lot of paid items and too many data to download, and now that they use ai(which is very offensive to many fans including me) I lowkey had to delete it after I really hope it get better soon, or not :(",2
Good,5
I adore this game! I have been playing since the Shadow Milk update and had been playing almost daily ever since. The story and the characters are amazing! I find myself excited for every new update!,5
nice,5
Good and your game is so so so so so good,5
wow this is the best game ever thanks to Devsisters Corporation for this game 🎮❤️,5
good gg,5
good,5
An incredibly powerful game. It's truly luxurious. 🎊😍,5
this game takes up to much space my sister keeps deleting all my other games just to update this game please never make any more updates for the sake of my games.,1
good game 🎮♥️,5
this game is the greatist thing ive ever played im so happy i got it!,5
i really liked this game exept it takes too much space for ppl playing on their older sisters or other family members that dont have space it makes it hard to play but overall great game,4
"This game is really fun!It has alot of kewl cutscenes and motion frames if you're looking for a fun high quality game,say no more.",5
good game,5
it was very fun and cute characters and interesting lore i would recommend it to people and no ads,5
"This is a very good game, worth trying.",5
veri good game,5
good game,5
good game,5
im soo OBSSESSED WITH THIS GAME HONESTLY IVE BEEN PLAYING IT FOR A WHILE NOW AND I GPT ALOT OF GOOD THINGS IN IT,5
PEAK QUALITY +PEAK STORY= PEAK GAME ❤️,5
nice game,5
Its fun its Grindy so you don't just feel like its another ark game it got amazing Lore it has a pity system so if you don't get the character you like you can use it and get it its updates keep the game going the updates are not repetitive and I say it's fun,5
good play,5
Honestly when I played this game IT LITERALLY WAS THE BEST 2025 GAME I'VE PLAYED.,5
nice game,5
its sometimes laggy,4
GOOOD,5
good game 🎯🎮,5
It's pretty fun grinding game,5
Nicee,5
god game,5
good,5
good 👍😊,5
"My anti virus is refusing to run this, so I'm uninstalling.",1
good game,5
so i deleted my account because it this game was boring when it didn't rework show i deleted my account but when i came again and everything changed i got all the cookies even eternal sugar cookie but the way that my other account has everything and my old account which is not this account my old account in my real phone because i work harder in my new account so i don't have enough in my old account but i have enough to destroy the enemies,5
"Its fun, there are so much events and things to do you wont get bored",5
"Thanks! this game is so fun to play ! I even got luck in dark cacao server,I got silent salt and mystic flour! so much luck👀",1
cool game just takes up too much storage,4
The grapics are so good i thought this was just a fun little cookie game but no the lore is so much more then that but i wish that they would give us a little more time to get certain cookies when first drop other then that this game is really good,5
"peak,ABSOLUTE CINEMA",5
"devsis if you're reading this message I quit this game because shadow milk cookie is not getting better, he NEEDS a redemption NOW!!! I can't wait until you go bankrupt",1
it so cool if you Haven't already tried your missing out!,5
I don't trust this game way because first I can't have auto click on my phone second who said your app can scan my phone for them and most importantly if you're game can scan for auto clicks what else can it scan with out letting me give it permission,1
Noice.,5
follow meta or loose,2
it Hella peak and cool art style it change my life and my favourite cookie is dark cacao cookie,5
"great game. a little overwhelming at the start with all the tutorials and stuff you unlock so quickly (there's a lot). once you get the hang of it and learn how to do things though the game is fantastic, good and fair gacha mechanics that don't require you to spend any money (you can if you want though, I spent a couple dollars and don't regret it). the cookies are so cute and fun, fully voiced and well designed with creative and unique bios that explain who they are. strongly recommend.",5
very fun game but too many microtransactions,4
Love it so cute.,5
"this game is so fun, no other words needed. the art, concept, and storyline is amazing, and the work put into this game is outstanding. would doenload this app for sure, its such a time breaking game, and the countless updates say so otherwise. thank you devsisters! :>",5
"I love this game, even tho it gets a bit laggy when I'm loading in. There is a LOT of loading! I will not stop playing this!!!",5
this is probably one of the few gacha games that I know that actually allow you to make progress without paying a ton of money and even still get some good drops,5
"I love this game, the animations are really impressive and the cookies designs too! the game lore is also BIZARRE.. I recommend this game is very entertaining and I cannot stop playing this game.",5
"i LOVE crk and its fandom , but ... my game wont open. OKAY OKAY , im playing on a computer that says ' may not run well on ur pc ' but it always opens fine although it takes around 5 mins avg to open . i leave it trying to open while i go do something , and around 20 mins later , whaddya know , ITS STILL TRYING TO OPEN. please fix this , i cant take it anymore",3
"Constantly crashing out for no reason like the total lack of surpporting chromebooks needs to be worked on. I used to play this game on ipad and I loved it, start listening to people just because your game has a lot of followers doesent mean that its good please make sure to fix this problem as a lot of people love this game. Thx for hearing me out",2
"This game is sooo fun!! Tons of pulls, great story, and super fun events to play and lots of content!! F2p friendly aswell!",5
its the best story game ever. Y' all should try it,5
"really fun,easy to progress and more making it easy for f2p players and this game content goes wild on the certain things to do where your bored of playing games that shows story,exploration and more.",5
THIS GAME IS SO AWESOME!👍,5
I can't play on hauwei,1
I amfan on burning spice cookie😎,5
this game is so much fun i love watching other people pull in the gacha i am a lore skipper but im not gonna skip lore on my alt so T-T,5
I like it but I uninstalled it because u have to do so many,4
i love this game sm,5
please Benjamin Netanyahu bless my gacha,5
best game ever,5
it's the best I love it (update) ok so now I was trying to install it (or update I forgot) and I had only one app (roblox) so yeah but now I am installing it again pretty good game tho,4
got a new phone wich means alot of GB and i got all the strong cookies🙌,5
nabruh,1
Im biased bc the cookies are cute,5
good,5
its PEAAAAK,5
good,5
peak since i like gacha games (mostly limbus i reccomend crk and limbus company),5
I GOT SMC!!!!,5
my kid love it so I love it,5
PEAK GAME. I LOVE IT SO MUCH,5
I originally played Ovenbreak for like A WHILE the first mobile game i actually liked kept playing and not getting bored of so when they announced they would be branching the game it was exciting to me. Like VR?? okayyy but then the announcement for KIngdom came out and i fell in love the original game only had the Koren vas which was fine cause like Ovenbreak had none so cool then it gained popularity from the english vas it's such loafly seeing how far they've come really am,5
this game updates every week! not very storage friendly,1
good game om nom,5
i cant play it.,1
it is soo good,5
I love this game to pieces. it's so much fun!,5
"PEAK, if only i could get gm😔",5
it's a fun game I felt regretting for quitting this game for so long like you can get so many free items,5
BRO LET THIS GAME BE IN ANDROID😭😭😭,5
"I love playing CRK! it's made my year so much better, but unfortunately I can't play it on my tablet bcuz of the model. Buuut! I can play on my PC, so that's a HUGE advantage for me 😌",5
"I started playing this game from the Fire spirit update and from then on i loved this game so much and i played it daily, the character designs are fabulous, the voice acting is great and the graphics as well but around the time of the Timekeeper update it started to become very repetitive. Same old join, grind for hours to get few pulls and the chances of getting the cookie I want was so low and the story used to be good but now it's dragged so much",3
ITS GREAT FOR PEOPLE WHO LIKES GENSHIN IMPACT,5
", wow",5
Soo peak and a update are good enough,5
LOVE THE GAME OH AND ALSO SHADOWMILK IS IN ITTTTT YEAHHHHHHH GFCHKCUMUKILC.NIUYBSRGN,5
I really really love this game and its story I highly recommend it if you like cute characters with a heavy story,5
good game,5
it's great and fun i rate it,5
Its so good i luv smc and wlc AND MAH PVC AHHHH MY PVC STOP MAKING HIM CRY SO MUCH I EVEN HAVE A COOKIE PFP NOW FOR THIS DAMM GAME (but really u should get it 1M/5 stars for this game),5
good game,5
nice game,5
"Overall, it gave me a good experience.",5
I dont play this game much because I keep crashing as soon as I play this game,2
I love this game and cookie crumble. The story lines are great. I am always so excited for the next update.,5
thank you for this game,5
I like the game. it was cool game.,5
peak cinema idk... but great storyline great events and cookie design peak cinema idk...,5
"Really good, I really like RPG games when I saw it on YouTube I was like I want to try it. But I do not like that the cookies in the game feel so tedious to get, it just feels like it takes forever. Though that's how most gacha's in games are.",5
"this game is amazing i wish it was even more popular it has great lore and amazing updates, besides i could even say this game is better than roblox dude i absolutly find the game interesting and creative i love hoe the devsisters put their hard work into this and i think it would have surpassed roblox at some point maybe in the past if they released it between 2010 and 2018 but all i ahve to say is this is now my new favorite game and devsisters please keep up the good work -G0dly",5
cool,5
this game is really fun And the beginner luck is crazy I got mystic flower cookie the day I started it,5
"The game is perfect but it edges you alot into buying packs of cookies and stuff. Plus those packs are way to expensive sometimes so i just stick with free to play. Also i would say now is a bad time to play kingdom sincd they arent really listening to the community at all, and now their broke cuz of it",2
its nice,5
I JUST LOVE IT,5
I LOVEEEE this game. it always brings me joy and cheers me up when I am sad. 😊😊 my favorite thing about this game are the cookie voices!!,5
I can't stop playing and I love your game,5
"yeah this game is awesome, though it can be very difficult to get the newer cookies as a free to play story is good but gameplay can get repetitive overall",4
"Your ads experience is so far good, but only got 1 problem: the clash of clan ones always makes my game crash. I'll put the rating back to 5* once you delete those faulty ads clients.",1
"Doesn't work, stuck on white screen immediately, despite restarting app and been up to date, it's completely useless waste of phone disk space.",1
nice,5
